grid_id,mine_id,latitude,longitude,depth_m,ore_grade_pct,rock_type,drilling_confidence,magnetic_anomaly_index,soil_moisture_pct,ndvi,land_surface_temp_c,rainfall_mm_monthly,confirmed_reserve_tonnes
G0001,MN01,21.81109,80.1632,232.5,45.52,Gondite,0.274,32.9,29.55,0.422,33.63,155.1,8129.0
G0002,MN01,21.78781,80.19138,112.9,45.03,Kodurite,0.275,41.4,22.14,0.394,34.81,126.5,5174.0
G0003,MN01,21.84783,80.17587,144.1,31.49,Kodurite,0.818,63.0,28.03,0.422,30.28,119.3,5350.0
G0004,MN01,21.80937,80.20143,195.7,43.43,Gondite,0.836,40.6,20.34,0.3,39.28,75.4,9655.0
G0005,MN01,21.77134,80.1773,191.4,42.69,Kodurite,0.719,46.2,16.48,0.199,29.6,129.9,7837.0
G0006,MN01,21.81881,80.17545,191.1,43.0,Gondite,0.652,26.1,27.07,0.278,33.34,129.2,7576.0
G0007,MN01,21.81831,80.18203,150.4,37.36,Gondite,0.375,31.9,21.6,0.501,31.7,139.5,3686.0
G0008,MN01,21.80089,80.165,156.3,44.72,Gondite,0.694,51.4,21.06,0.358,33.43,174.1,7226.0
G0009,MN01,21.78453,80.18759,195.4,48.87,Gondite,0.796,31.5,22.1,0.157,36.01,101.1,6925.0
G0010,MN01,21.78469,80.19027,238.7,53.97,Kodurite,0.937,33.7,22.21,0.239,33.06,152.6,13052.0
G0011,MN01,21.80183,80.16329,62.8,34.11,Gondite,0.528,40.0,16.6,0.236,30.12,195.1,2167.0
G0012,MN01,21.82177,80.16594,245.2,41.08,Kodurite,0.411,25.5,16.39,0.359,39.55,116.4,6045.0
G0013,MN01,21.81072,80.21012,195.4,34.71,Gondite,0.544,22.6,33.64,0.557,32.32,94.7,6616.0
G0014,MN01,21.78286,80.16611,225.0,34.84,Kodurite,0.257,62.9,11.44,0.344,29.67,61.2,4553.0
G0015,MN01,21.79832,80.20232,87.2,38.25,Gondite,0.651,60.8,31.94,0.325,30.36,101.0,4991.0
G0016,MN01,21.80853,80.16231,186.3,39.83,Laterite Capping,0.805,38.2,25.88,0.485,30.28,83.8,4874.0
G0017,MN01,21.80175,80.16275,142.9,30.99,Kodurite,0.05,28.1,34.57,0.707,28.24,95.3,3057.0
G0018,MN01,21.83957,80.16426,162.8,44.22,Gondite,0.733,44.7,25.6,0.265,35.21,150.5,7853.0
G0019,MN01,21.81204,80.18506,180.0,32.23,Gondite,0.25,34.7,16.94,0.498,34.02,129.2,2644.0
G0020,MN01,21.82355,80.19309,102.3,34.23,Psilomelane,0.53,53.1,32.54,0.044,32.08,117.1,4289.0
G0021,MN01,21.79756,80.14887,203.0,51.82,Gondite,0.657,43.3,32.39,0.386,40.48,157.1,11659.0
G0022,MN01,21.83988,80.19278,238.0,35.63,Kodurite,0.621,46.2,30.81,0.439,40.35,139.2,5237.0
G0023,MN01,21.80366,80.16056,143.7,50.09,Psilomelane,0.349,36.6,26.38,0.458,35.94,18.3,7035.0
G0024,MN01,21.80644,80.19228,293.1,21.49,Laterite Capping,0.368,66.9,19.65,0.475,36.92,119.3,3760.0
G0025,MN01,21.81041,80.16673,169.7,36.78,Gondite,0.687,35.1,18.91,0.371,36.48,110.5,6746.0
G0026,MN01,21.82214,80.20084,218.8,54.0,Kodurite,0.141,76.2,15.09,0.162,27.21,78.2,10849.0
G0027,MN01,21.81548,80.18953,81.1,19.52,Psilomelane,0.543,65.2,24.35,0.445,29.77,102.8,1715.0
G0028,MN01,21.82141,80.17613,216.5,35.87,Gondite,0.859,3.3,19.72,0.438,31.94,117.9,6252.0
G0029,MN01,21.83155,80.18262,274.8,38.74,Psilomelane,0.57,66.1,34.26,0.177,34.73,68.4,10515.0
G0030,MN01,21.80238,80.14738,245.0,33.16,Gondite,0.217,56.6,25.83,0.512,31.62,50.9,6585.0
G0031,MN01,21.79837,80.20629,206.8,36.95,Gondite,0.763,71.5,18.77,0.386,33.01,122.6,6691.0
G0032,MN01,21.77321,80.14254,101.8,34.33,Gondite,0.888,41.9,22.01,0.374,35.51,96.4,5018.0
G0033,MN01,21.78216,80.18413,361.8,39.78,Psilomelane,0.529,34.4,26.57,0.238,35.86,153.4,9712.0
G0034,MN01,21.79928,80.19308,158.4,45.48,Psilomelane,0.767,67.9,19.96,0.149,21.51,88.3,13903.0
G0035,MN01,21.8137,80.17281,212.6,25.51,Gondite,0.382,63.4,19.15,0.477,39.28,71.2,3155.0
G0036,MN01,21.83172,80.18017,278.3,34.46,Gondite,0.285,31.2,21.03,0.405,26.77,135.5,4877.0
G0037,MN01,21.82796,80.13611,124.9,24.51,Psilomelane,0.596,54.1,17.17,0.456,35.39,125.4,2954.0
G0038,MN01,21.81093,80.2247,173.9,35.54,Kodurite,0.463,56.7,24.08,0.257,36.67,139.6,5300.0
G0039,MN01,21.79194,80.19497,193.2,26.41,Gondite,0.513,76.7,30.81,0.337,34.25,13.6,3742.0
G0040,MN01,21.79912,80.16256,230.0,53.98,Gondite,0.285,17.0,17.01,0.261,31.54,142.5,8165.0
G0041,MN01,21.7695,80.19431,139.6,48.2,Kodurite,0.254,16.3,27.64,0.199,34.39,53.1,5594.0
G0042,MN01,21.78887,80.15835,230.0,39.93,Gondite,0.717,37.6,26.82,0.276,31.55,164.5,6515.0
G0043,MN01,21.75674,80.21622,358.5,34.76,Kodurite,0.475,61.6,26.88,0.171,35.84,192.1,8886.0
G0044,MN01,21.79825,80.18116,223.1,24.15,Gondite,0.455,27.9,26.73,0.41,29.25,117.1,3940.0
G0045,MN01,21.79852,80.15016,178.8,30.78,Gondite,0.826,39.5,8.15,0.453,34.01,81.4,3429.0
G0046,MN01,21.82172,80.19099,346.8,41.36,Psilomelane,0.359,39.6,21.46,0.28,36.4,169.9,7880.0
G0047,MN01,21.7965,80.19028,162.8,45.62,Laterite Capping,0.883,31.7,23.07,0.462,32.39,68.8,7664.0
G0048,MN01,21.82598,80.16448,116.3,42.47,Gondite,0.491,49.8,22.86,0.189,27.02,137.4,5087.0
G0049,MN01,21.78455,80.18208,259.0,19.75,Kodurite,0.264,27.2,16.27,0.434,32.83,131.9,2096.0
G0050,MN01,21.81056,80.18716,234.4,44.46,Gondite,0.05,12.8,24.82,0.443,40.52,130.7,4905.0
G0051,MN01,21.78714,80.18423,159.1,29.88,Kodurite,0.876,62.8,26.15,0.51,35.44,139.6,5791.0
G0052,MN01,21.81182,80.14833,185.9,33.55,Psilomelane,0.545,77.0,23.75,0.377,28.63,125.9,6253.0
G0053,MN01,21.77895,80.18298,174.4,52.38,Kodurite,0.494,28.4,23.71,0.226,28.57,130.4,8701.0
G0054,MN01,21.76927,80.18155,249.7,46.47,Psilomelane,0.734,57.6,32.05,0.459,32.87,60.2,11315.0
G0055,MN01,21.80934,80.17996,139.5,40.02,Gondite,0.45,55.5,17.16,0.282,38.95,63.5,3607.0
G0056,MN01,21.76776,80.18458,182.2,37.06,Psilomelane,0.79,32.1,21.9,0.517,40.46,96.6,8197.0
G0057,MN01,21.80571,80.21907,173.5,39.05,Gondite,0.917,42.8,21.01,0.451,33.3,121.1,6957.0
G0058,MN01,21.81173,80.1925,44.4,43.33,Gondite,0.188,66.6,16.11,0.285,30.96,108.1,2907.0
G0059,MN01,21.78484,80.19849,184.4,22.86,Gondite,0.518,54.5,28.83,0.241,28.0,66.3,3424.0
G0060,MN01,21.8299,80.17537,20.0,24.37,Kodurite,0.378,71.0,19.16,0.268,34.65,48.6,948.0
G0061,MN01,21.80705,80.18105,291.2,33.02,Gondite,0.442,35.0,26.03,0.421,30.5,149.5,7334.0
G0062,MN01,21.83373,80.19459,275.4,22.95,Gondite,0.43,87.6,22.13,0.424,31.76,113.0,4508.0
G0063,MN01,21.81397,80.20731,295.3,40.48,Kodurite,0.153,54.2,29.34,0.398,38.02,121.6,7227.0
G0064,MN01,21.81172,80.12539,206.8,10.0,Kodurite,0.802,77.4,19.6,0.669,32.29,126.3,1763.0
G0065,MN01,21.80762,80.16395,172.3,37.72,Laterite Capping,0.3,44.3,23.25,0.371,35.6,70.0,4148.0
G0066,MN01,21.82709,80.17575,80.8,41.55,Laterite Capping,0.116,62.6,15.65,0.377,32.04,90.7,4067.0
G0067,MN01,21.83459,80.21989,272.0,37.12,Kodurite,0.609,48.8,19.48,0.296,35.65,110.1,8027.0
G0068,MN01,21.8184,80.1765,232.9,41.03,Gondite,0.932,29.6,24.36,0.305,31.88,134.8,8939.0
G0069,MN01,21.81132,80.1922,223.1,21.14,Laterite Capping,0.077,73.8,24.27,0.318,34.57,88.9,2715.0
G0070,MN01,21.82472,80.17284,236.4,43.42,Gondite,0.645,32.8,20.94,0.398,29.48,127.5,6499.0
G0071,MN01,21.80092,80.18619,351.2,26.98,Gondite,0.506,46.9,32.07,0.311,37.34,84.2,5674.0
G0072,MN01,21.78356,80.1931,281.2,37.38,Psilomelane,0.639,54.5,31.78,0.682,30.78,167.4,9352.0
G0073,MN01,21.80198,80.19265,184.3,38.88,Kodurite,0.141,38.1,24.0,0.438,33.89,83.8,5990.0
G0074,MN01,21.83658,80.19389,248.2,47.94,Kodurite,0.516,64.0,16.26,0.229,38.65,143.6,13543.0
G0075,MN01,21.79957,80.16096,163.2,38.82,Psilomelane,0.625,59.0,23.96,0.252,32.22,102.6,6259.0
G0076,MN01,21.84043,80.18203,162.9,21.22,Psilomelane,0.245,75.8,23.43,0.382,32.28,110.2,3442.0
G0077,MN01,21.75861,80.14397,142.0,38.12,Gondite,0.412,53.7,29.68,0.376,30.9,137.9,5463.0
G0078,MN01,21.80503,80.21346,20.0,26.66,Gondite,0.766,32.8,38.08,0.583,31.15,95.5,892.0
G0079,MN01,21.76684,80.18166,110.2,37.32,Psilomelane,0.283,23.6,28.99,0.249,35.65,109.6,2637.0
G0080,MN01,21.79868,80.19131,222.9,36.87,Kodurite,0.541,89.2,16.48,0.235,39.05,67.7,6120.0
G0081,MN01,21.79528,80.1924,172.8,32.8,Gondite,0.119,67.7,20.71,0.332,30.13,3.9,3295.0
G0082,MN01,21.76879,80.139,96.3,48.6,Psilomelane,0.577,60.5,28.8,0.254,35.7,132.6,6004.0
G0083,MN01,21.78254,80.16032,186.1,40.62,Kodurite,0.396,75.5,18.02,0.541,31.09,151.8,7204.0
G0084,MN01,21.79676,80.14785,168.0,25.52,Kodurite,0.683,37.4,27.92,0.364,39.72,90.7,4052.0
G0085,MN01,21.80695,80.19992,148.7,37.6,Gondite,0.232,80.7,32.58,0.3,34.62,85.1,5757.0
G0086,MN01,21.79301,80.2164,205.5,36.26,Psilomelane,0.05,55.0,15.85,0.345,41.1,143.0,4675.0
G0087,MN01,21.79622,80.17611,31.0,40.06,Laterite Capping,0.377,51.1,11.5,0.414,36.22,100.0,1242.0
G0088,MN01,21.78507,80.20866,20.0,35.22,Gondite,0.567,86.7,22.54,0.395,27.12,157.6,1601.0
G0089,MN01,21.79378,80.18356,70.6,39.83,Kodurite,0.578,12.4,17.54,0.446,34.28,126.5,3944.0
G0090,MN01,21.81437,80.19716,369.8,36.29,Gondite,0.68,96.2,25.78,0.26,36.75,105.6,11631.0
G0091,MN01,21.81625,80.15816,204.7,53.3,Gondite,0.507,42.4,30.16,0.105,37.05,94.8,11080.0
G0092,MN01,21.78246,80.21057,267.2,45.68,Psilomelane,0.899,57.3,27.62,0.35,34.54,168.9,15770.0
G0093,MN01,21.74766,80.17765,168.5,23.98,Gondite,0.643,36.6,32.06,0.307,34.57,35.2,4406.0
G0094,MN01,21.81705,80.18035,220.3,26.72,Gondite,0.536,63.9,24.87,0.445,32.77,130.5,4282.0
G0095,MN01,21.84959,80.15264,268.3,48.94,Gondite,0.667,45.7,23.19,0.369,39.07,117.3,9601.0
G0096,MN01,21.82149,80.20242,225.8,43.96,Laterite Capping,0.695,48.3,21.56,0.02,28.33,154.8,8119.0
G0097,MN01,21.81221,80.15619,280.7,36.85,Gondite,0.84,43.5,26.9,0.334,31.52,168.7,8498.0
G0098,MN01,21.85099,80.18581,305.0,40.86,Kodurite,0.277,50.8,16.32,0.175,27.52,39.3,8007.0
G0099,MN01,21.8275,80.18373,21.8,36.47,Gondite,0.343,52.3,25.8,0.44,29.86,145.1,1193.0
G0100,MN01,21.81157,80.18757,136.9,37.82,Kodurite,0.509,27.0,28.16,0.203,30.87,85.0,5770.0
G0101,MN01,21.81161,80.17977,214.9,21.14,Psilomelane,0.768,67.9,11.07,0.176,33.48,81.4,4283.0
G0102,MN01,21.7987,80.14531,91.2,16.0,Psilomelane,0.292,46.6,9.99,0.462,34.7,122.4,1130.0
G0103,MN01,21.7817,80.22418,112.8,43.99,Psilomelane,0.351,54.7,23.57,0.496,32.37,38.8,4602.0
G0104,MN01,21.81602,80.19191,70.3,32.21,Laterite Capping,0.558,65.4,28.46,0.338,31.4,115.6,2731.0
G0105,MN01,21.78206,80.1652,135.6,28.69,Gondite,0.622,56.8,23.36,0.188,27.81,111.2,4596.0
G0106,MN01,21.76072,80.19091,263.3,36.78,Psilomelane,0.736,68.9,17.93,0.292,27.56,53.6,8474.0
G0107,MN01,21.79041,80.19156,211.7,40.57,Laterite Capping,0.744,75.3,15.5,0.301,38.65,130.3,9084.0
G0108,MN01,21.80065,80.17632,200.2,35.98,Gondite,0.419,14.5,25.74,0.257,35.39,111.9,5192.0
G0109,MN01,21.82851,80.18785,259.2,19.25,Gondite,0.804,52.9,22.86,0.415,36.92,39.4,3982.0
G0110,MN01,21.80517,80.17992,77.0,42.02,Psilomelane,0.746,47.6,31.12,0.315,30.48,89.7,6122.0
G0111,MN01,21.81573,80.17629,163.4,25.46,Psilomelane,0.128,28.0,22.66,0.585,37.53,82.2,2347.0
G0112,MN01,21.80504,80.18964,131.1,37.29,Laterite Capping,0.571,69.8,26.05,0.258,32.0,50.0,4752.0
G0113,MN01,21.79424,80.20857,135.2,43.12,Psilomelane,0.396,18.5,15.86,0.27,28.3,126.4,4096.0
G0114,MN01,21.85249,80.14925,194.3,28.98,Psilomelane,0.482,40.9,25.01,0.485,32.21,86.8,2711.0
G0115,MN01,21.81782,80.18174,109.1,39.01,Laterite Capping,0.697,22.0,19.97,0.573,37.68,113.9,3446.0
G0116,MN01,21.79441,80.18547,182.6,37.27,Kodurite,0.564,22.6,22.73,0.247,33.56,94.5,6602.0
G0117,MN01,21.81513,80.15776,227.0,31.8,Gondite,0.404,37.6,19.65,0.289,37.35,135.2,6231.0
G0118,MN01,21.85035,80.16339,184.9,28.59,Kodurite,0.603,25.7,28.48,0.253,44.1,91.9,3766.0
G0119,MN01,21.77909,80.21812,258.4,40.38,Kodurite,0.31,51.9,9.4,0.221,35.96,158.5,8168.0
G0120,MN01,21.77316,80.19003,251.1,24.73,Gondite,0.896,43.5,22.35,0.303,30.97,108.4,4999.0
G0121,MN02,21.74591,80.14281,186.5,22.63,Laterite Capping,0.894,49.9,24.15,0.319,35.34,147.3,3878.0
G0122,MN02,21.74678,80.10885,233.8,47.77,Kodurite,0.202,32.5,23.03,0.414,33.66,65.3,7916.0
G0123,MN02,21.76357,80.15276,195.4,35.93,Psilomelane,0.309,20.1,15.93,0.104,33.21,65.3,3836.0
G0124,MN02,21.76523,80.13817,196.2,35.61,Gondite,0.618,57.9,15.4,0.427,28.73,166.5,7353.0
G0125,MN02,21.7578,80.15414,165.4,43.43,Kodurite,0.656,26.1,17.78,0.114,36.22,182.4,7852.0
G0126,MN02,21.71948,80.1655,279.5,34.35,Gondite,0.226,18.8,26.97,0.474,29.9,64.5,3332.0
G0127,MN02,21.74667,80.13937,71.4,41.62,Gondite,0.153,47.4,27.8,0.197,33.38,115.9,3016.0
G0128,MN02,21.76071,80.13539,215.7,42.41,Psilomelane,0.79,43.7,15.32,0.204,37.38,33.1,9873.0
G0129,MN02,21.7509,80.12715,139.2,29.86,Gondite,0.701,75.9,15.39,0.553,32.76,63.5,3913.0
G0130,MN02,21.73597,80.12551,186.6,28.18,Laterite Capping,0.584,32.6,35.41,0.37,33.83,38.9,3616.0
G0131,MN02,21.75631,80.13051,243.6,28.38,Kodurite,0.513,45.3,19.01,0.421,33.8,106.5,4196.0
G0132,MN02,21.76793,80.14628,158.5,38.84,Kodurite,0.677,81.5,26.87,0.363,30.92,111.2,7298.0
G0133,MN02,21.73628,80.1452,193.9,31.86,Gondite,0.155,69.3,24.12,0.403,34.17,106.3,4131.0
G0134,MN02,21.79628,80.14196,133.4,41.47,Gondite,0.294,24.7,34.74,0.416,33.2,173.6,4780.0
G0135,MN02,21.75144,80.13779,220.7,41.81,Kodurite,0.348,20.6,27.48,0.024,34.08,90.9,7662.0
G0136,MN02,21.74213,80.16419,152.2,38.91,Gondite,0.624,68.5,27.91,0.572,30.11,54.8,5745.0
G0137,MN02,21.76521,80.16096,187.2,29.02,Gondite,0.057,51.1,26.95,0.303,25.63,85.9,2824.0
G0138,MN02,21.72306,80.18545,199.1,41.04,Kodurite,0.472,46.1,22.0,0.169,25.32,99.5,6963.0
G0139,MN02,21.72628,80.15031,183.8,20.75,Gondite,0.796,70.4,27.7,0.367,30.75,84.8,3781.0
G0140,MN02,21.7559,80.16359,189.2,44.55,Psilomelane,0.778,80.9,25.77,0.125,30.48,140.9,10142.0
G0141,MN02,21.74176,80.17902,106.7,31.61,Gondite,0.414,59.8,22.03,0.364,33.38,118.6,3912.0
G0142,MN02,21.7631,80.15188,123.4,38.54,Kodurite,0.642,71.4,24.52,0.623,31.64,123.0,5165.0
G0143,MN02,21.74497,80.15598,239.2,40.55,Kodurite,0.159,35.6,19.86,0.226,36.96,95.4,5860.0
G0144,MN02,21.75073,80.16563,120.7,29.4,Psilomelane,0.757,35.1,20.34,0.248,38.09,135.3,3664.0
G0145,MN02,21.77694,80.20725,60.4,32.09,Gondite,0.377,56.7,23.91,0.414,34.99,134.1,2246.0
G0146,MN02,21.79442,80.15569,49.6,29.98,Psilomelane,0.599,61.0,27.86,0.248,28.9,111.5,2387.0
G0147,MN02,21.71487,80.14739,181.0,36.28,Gondite,0.373,71.6,22.05,0.293,34.84,134.4,5456.0
G0148,MN02,21.76781,80.17059,270.4,52.23,Kodurite,0.522,20.3,25.17,0.223,33.91,78.2,8241.0
G0149,MN02,21.75669,80.15402,220.5,54.0,Kodurite,0.827,31.5,18.44,0.307,33.26,73.9,10502.0
G0150,MN02,21.77659,80.13488,82.4,45.54,Gondite,0.529,73.3,18.06,0.319,36.07,14.7,6464.0
G0151,MN02,21.72835,80.15764,197.3,46.68,Psilomelane,0.05,59.6,29.07,0.4,32.54,36.1,6643.0
G0152,MN02,21.76033,80.12919,224.2,45.27,Gondite,0.05,10.3,31.67,0.331,37.78,121.1,5869.0
G0153,MN02,21.75926,80.16495,339.4,45.77,Gondite,0.381,73.3,29.85,0.637,30.37,89.7,12147.0
G0154,MN02,21.7422,80.1332,20.0,34.52,Gondite,0.397,55.2,28.68,0.384,38.51,112.2,1539.0
G0155,MN02,21.75933,80.14523,208.3,54.0,Kodurite,0.386,2.3,27.8,0.046,39.5,116.8,8779.0
G0156,MN02,21.73396,80.11995,198.3,37.73,Gondite,0.373,66.9,32.76,0.322,24.91,102.5,8139.0
G0157,MN02,21.7326,80.14747,131.6,50.02,Kodurite,0.621,26.3,11.38,0.338,34.8,158.4,8083.0
G0158,MN02,21.7834,80.13104,155.3,41.84,Kodurite,0.784,65.8,17.49,0.308,32.8,173.7,7090.0
G0159,MN02,21.70322,80.16109,131.1,38.34,Psilomelane,0.784,63.7,20.23,0.15,35.82,154.9,5998.0
G0160,MN02,21.71278,80.16512,63.8,40.47,Kodurite,0.284,61.8,21.35,0.457,34.34,82.1,2831.0
G0161,MN02,21.71905,80.15681,155.2,19.02,Kodurite,0.72,72.2,31.09,0.293,30.04,134.6,1827.0
G0162,MN02,21.71478,80.14539,288.5,34.51,Gondite,0.778,86.4,14.59,0.474,28.96,114.1,8785.0
G0163,MN02,21.73284,80.13134,199.3,45.96,Laterite Capping,0.715,66.4,39.92,0.283,31.55,140.8,13107.0
G0164,MN02,21.7413,80.14294,217.9,31.38,Kodurite,0.641,11.7,16.01,0.2,32.32,62.4,3561.0
G0165,MN02,21.73652,80.14219,272.6,43.3,Kodurite,0.349,31.8,24.38,0.09,34.15,140.5,7277.0
G0166,MN02,21.78833,80.13338,195.2,37.71,Gondite,0.335,50.0,28.78,0.26,36.2,79.5,7173.0
G0167,MN02,21.79621,80.14856,26.5,33.62,Kodurite,0.427,74.4,29.2,0.535,34.44,146.2,1736.0
G0168,MN02,21.73997,80.18514,195.1,44.44,Gondite,0.192,15.8,22.93,0.545,32.48,38.0,7406.0
G0169,MN02,21.76565,80.1496,154.0,46.66,Gondite,0.645,46.5,30.61,0.223,26.91,134.6,9113.0
G0170,MN02,21.7616,80.15915,157.6,44.3,Psilomelane,0.159,60.0,14.14,0.318,31.59,26.6,6099.0
G0171,MN02,21.7444,80.10902,238.8,49.48,Psilomelane,0.35,72.7,18.82,0.345,35.24,37.6,11361.0
G0172,MN02,21.79746,80.1638,283.1,39.46,Kodurite,0.758,77.4,18.03,0.457,32.84,123.6,11448.0
G0173,MN02,21.77189,80.15265,278.7,40.48,Kodurite,0.255,17.8,19.09,0.488,34.36,33.4,7053.0
G0174,MN02,21.74112,80.17923,173.9,39.64,Gondite,0.346,23.4,13.97,0.44,30.78,94.3,3262.0
G0175,MN02,21.73842,80.15085,245.1,31.83,Psilomelane,0.17,39.0,22.66,0.519,38.82,77.3,4290.0
G0176,MN02,21.7538,80.13128,176.1,38.04,Laterite Capping,0.728,38.3,27.43,0.333,29.26,71.7,8266.0
G0177,MN02,21.74887,80.18381,144.0,40.33,Laterite Capping,0.254,33.5,23.89,0.269,34.28,72.0,4371.0
G0178,MN02,21.761,80.13083,131.0,35.22,Psilomelane,0.495,49.6,19.83,0.432,38.8,91.4,4672.0
G0179,MN02,21.74721,80.15831,289.6,42.07,Gondite,0.625,36.2,15.19,0.353,26.24,100.4,10849.0
G0180,MN02,21.7138,80.12541,107.8,37.49,Psilomelane,0.637,57.9,18.7,0.448,28.68,143.4,5869.0
G0181,MN02,21.75622,80.14748,208.0,15.11,Gondite,0.356,27.2,21.91,0.398,32.91,116.5,1723.0
G0182,MN02,21.73028,80.15451,270.3,24.12,Kodurite,0.576,86.8,15.62,0.231,27.52,179.1,4538.0
G0183,MN02,21.75149,80.14294,113.9,36.12,Laterite Capping,0.612,14.5,29.92,0.487,37.27,91.2,3548.0
G0184,MN02,21.767,80.15883,152.4,25.05,Gondite,0.569,65.0,28.48,0.287,26.28,88.7,4214.0
G0185,MN02,21.74116,80.13712,52.5,52.02,Kodurite,0.532,46.7,22.04,0.632,35.78,91.4,4750.0
G0186,MN02,21.73178,80.18109,133.7,42.01,Gondite,0.569,38.5,21.4,0.514,32.83,78.6,5009.0
G0187,MN02,21.77401,80.16451,219.2,35.94,Gondite,0.229,30.4,18.66,0.361,39.98,33.4,4782.0
G0188,MN02,21.72448,80.13831,154.5,34.64,Kodurite,0.807,65.1,28.79,0.166,34.23,137.0,5198.0
G0189,MN02,21.75218,80.14867,309.0,53.4,Kodurite,0.693,30.1,27.63,0.3,35.82,119.2,16377.0
G0190,MN02,21.75351,80.14764,256.7,42.64,Laterite Capping,0.478,65.7,29.99,0.316,39.0,164.7,10185.0
G0191,MN02,21.73556,80.18251,175.7,39.01,Kodurite,0.225,100.0,17.43,0.191,35.21,171.2,6657.0
G0192,MN02,21.76344,80.11413,132.6,29.41,Gondite,0.793,33.4,25.85,0.398,36.46,140.1,4468.0
G0193,MN02,21.75196,80.15707,215.8,39.13,Laterite Capping,0.359,36.7,19.98,0.196,37.09,113.1,4952.0
G0194,MN02,21.76817,80.13979,81.5,46.17,Kodurite,0.248,26.0,27.57,0.269,40.94,110.0,2482.0
G0195,MN02,21.75915,80.18989,290.3,52.65,Gondite,0.614,37.1,20.57,0.423,36.78,121.1,9403.0
G0196,MN02,21.74577,80.13608,240.9,47.43,Psilomelane,0.764,42.0,19.87,0.522,38.48,111.0,9624.0
G0197,MN02,21.74936,80.15554,292.0,41.38,Psilomelane,0.564,43.4,8.97,0.082,29.17,131.2,8333.0
G0198,MN02,21.75569,80.19002,91.2,37.78,Psilomelane,0.487,49.4,30.06,0.338,33.01,86.6,4187.0
G0199,MN02,21.75836,80.13531,171.2,33.12,Gondite,0.521,23.6,20.97,0.379,39.34,118.9,5092.0
G0200,MN02,21.76481,80.18355,175.9,54.0,Gondite,0.112,43.3,32.19,0.395,41.48,48.1,7433.0
G0201,MN02,21.74275,80.11153,254.2,35.84,Gondite,0.855,69.7,20.39,0.273,37.3,125.1,6024.0
G0202,MN02,21.72749,80.18102,208.1,31.9,Gondite,0.787,55.5,23.0,0.425,28.04,124.3,7434.0
G0203,MN02,21.76174,80.15378,173.3,31.32,Kodurite,0.836,54.0,21.32,0.416,35.03,145.6,6798.0
G0204,MN02,21.77192,80.13232,116.8,37.39,Kodurite,0.343,43.7,30.94,0.369,43.01,116.8,3920.0
G0205,MN02,21.75208,80.15613,210.5,54.0,Gondite,0.897,75.4,19.56,0.311,26.72,59.6,17767.0
G0206,MN02,21.74267,80.12882,196.1,33.82,Laterite Capping,0.79,69.4,31.12,0.273,36.76,78.6,9955.0
G0207,MN02,21.72932,80.17757,134.0,54.0,Laterite Capping,0.188,48.6,24.97,0.403,34.15,58.3,6000.0
G0208,MN02,21.7567,80.17531,293.1,44.24,Gondite,0.657,25.0,26.21,0.354,36.08,131.8,9658.0
G0209,MN02,21.76313,80.15015,208.9,32.19,Kodurite,0.608,39.5,16.86,0.508,37.23,131.5,6946.0
G0210,MN02,21.74822,80.21164,164.1,40.04,Gondite,0.59,54.8,25.62,0.231,34.88,104.6,5958.0
G0211,MN02,21.73647,80.20444,161.6,26.34,Gondite,0.391,37.1,25.36,0.262,30.31,73.3,2421.0
G0212,MN02,21.77328,80.16477,248.4,38.31,Kodurite,0.124,57.6,17.99,0.164,30.3,132.6,6870.0
G0213,MN02,21.72464,80.13138,129.4,35.14,Gondite,0.192,47.7,30.11,0.194,32.23,151.0,3578.0
G0214,MN02,21.74053,80.17427,158.6,46.84,Gondite,0.374,39.0,24.59,0.319,36.22,69.0,7851.0
G0215,MN02,21.76133,80.12466,264.6,54.0,Kodurite,0.932,55.1,21.15,0.202,33.37,134.6,11758.0
G0216,MN02,21.74302,80.1812,104.7,44.96,Laterite Capping,0.468,27.0,30.93,0.228,34.39,120.3,5326.0
G0217,MN02,21.75874,80.13412,85.5,44.98,Gondite,0.894,42.6,26.3,0.252,39.93,74.9,5263.0
G0218,MN02,21.75415,80.12916,203.1,50.9,Psilomelane,0.58,33.6,31.03,0.279,32.82,94.9,6795.0
G0219,MN02,21.72936,80.17022,32.3,31.87,Kodurite,0.829,35.2,29.65,0.193,37.25,93.8,1526.0
G0220,MN02,21.74766,80.15655,145.4,42.43,Gondite,0.621,53.0,27.42,0.583,37.03,149.0,11825.0
G0221,MN02,21.76232,80.16069,229.3,29.93,Kodurite,0.43,71.7,28.68,0.341,30.22,155.4,6497.0
G0222,MN02,21.71987,80.14474,191.6,44.23,Psilomelane,0.541,44.8,24.33,0.327,25.78,94.1,7871.0
G0223,MN02,21.74637,80.14606,214.2,29.37,Kodurite,0.203,20.6,22.07,0.392,33.59,131.6,2737.0
G0224,MN02,21.7533,80.15941,237.8,31.55,Kodurite,0.05,29.6,24.57,0.35,23.91,118.6,3238.0
G0225,MN02,21.76171,80.12536,182.1,35.73,Kodurite,0.834,38.3,23.74,0.276,35.57,98.8,5047.0
G0226,MN02,21.74644,80.15552,202.7,53.03,Psilomelane,0.49,19.0,21.59,0.185,26.68,78.2,6912.0
G0227,MN02,21.76368,80.16302,116.7,35.92,Psilomelane,0.271,71.0,14.7,0.198,35.92,176.8,4366.0
G0228,MN02,21.75119,80.1071,38.4,39.04,Psilomelane,0.25,52.7,31.32,0.343,32.71,152.6,1942.0
G0229,MN02,21.80829,80.15851,206.7,42.2,Laterite Capping,0.409,52.1,16.43,0.399,30.66,114.0,6650.0
G0230,MN02,21.7905,80.19065,183.3,38.51,Gondite,0.75,39.2,23.7,0.153,35.97,187.6,7383.0
G0231,MN02,21.78124,80.13408,196.5,30.45,Psilomelane,0.871,22.4,26.47,0.607,38.36,34.2,5987.0
G0232,MN02,21.77073,80.12009,158.8,46.76,Psilomelane,0.763,72.8,24.45,0.267,36.96,149.0,12115.0
G0233,MN02,21.76949,80.17263,231.3,40.12,Psilomelane,0.659,54.8,32.65,0.335,37.22,153.2,8456.0
G0234,MN02,21.76389,80.14613,272.5,43.09,Psilomelane,0.566,60.9,17.93,0.395,27.72,85.0,11957.0
G0235,MN02,21.75914,80.14491,211.3,37.52,Kodurite,0.608,18.3,18.35,0.533,34.66,57.1,4045.0
G0236,MN02,21.74976,80.18222,166.9,48.46,Gondite,0.424,67.3,19.54,0.344,34.86,103.8,8940.0
G0237,MN02,21.74667,80.13802,292.4,46.39,Kodurite,0.818,15.9,29.88,0.297,32.55,126.4,11371.0
G0238,MN02,21.73547,80.16535,187.9,27.95,Gondite,0.6,59.8,28.5,0.451,35.98,124.5,4525.0
G0239,MN02,21.73983,80.11304,203.8,39.49,Kodurite,0.073,48.8,25.83,0.585,29.09,118.1,4732.0
G0240,MN02,21.74106,80.15001,274.3,52.41,Gondite,0.511,14.5,33.0,0.431,43.24,54.4,13001.0
G0241,MN03,21.7004,80.26812,64.7,49.74,Kodurite,0.653,40.7,13.37,0.424,38.26,81.9,4728.0
G0242,MN03,21.69369,80.25857,136.1,30.93,Psilomelane,0.479,74.5,27.33,0.445,37.69,83.9,4293.0
G0243,MN03,21.69557,80.22619,161.5,48.69,Psilomelane,0.087,37.1,22.79,0.145,39.15,94.3,7329.0
G0244,MN03,21.70003,80.28059,198.0,44.83,Gondite,0.653,31.9,24.27,0.332,34.95,92.8,8154.0
G0245,MN03,21.69562,80.22036,180.7,29.2,Gondite,0.431,11.3,15.29,0.598,28.69,134.4,2603.0
G0246,MN03,21.70059,80.23933,219.3,39.09,Laterite Capping,0.544,100.0,32.06,0.428,32.83,32.4,7806.0
G0247,MN03,21.72466,80.2362,131.1,36.67,Laterite Capping,0.411,34.4,26.97,0.319,32.39,133.9,4092.0
G0248,MN03,21.69343,80.26141,226.8,36.82,Gondite,0.228,59.1,25.53,0.352,35.89,147.4,7148.0
G0249,MN03,21.69698,80.27974,196.0,43.06,Gondite,0.422,42.5,24.58,0.28,31.34,171.8,6196.0
G0250,MN03,21.68952,80.22025,127.0,24.33,Kodurite,0.965,35.5,31.01,0.337,30.2,102.9,3561.0
G0251,MN03,21.69445,80.24207,166.1,27.83,Psilomelane,0.084,61.8,23.0,0.505,36.53,127.8,3671.0
G0252,MN03,21.71401,80.24321,85.9,41.36,Kodurite,0.824,48.6,12.75,0.382,25.83,72.2,6013.0
G0253,MN03,21.7355,80.22769,156.9,38.34,Laterite Capping,0.195,64.4,15.05,0.323,26.51,67.8,5743.0
G0254,MN03,21.698,80.24562,127.6,36.23,Kodurite,0.803,48.0,26.23,0.38,31.87,88.9,5085.0
G0255,MN03,21.72197,80.23736,175.6,39.47,Psilomelane,0.255,45.8,22.0,0.31,36.6,119.2,5476.0
G0256,MN03,21.6765,80.23265,330.0,36.58,Gondite,0.629,43.6,22.81,0.181,32.75,121.8,11664.0
G0257,MN03,21.70072,80.20532,173.4,54.0,Gondite,0.483,43.0,25.25,0.087,29.02,110.4,8664.0
G0258,MN03,21.7069,80.22771,230.0,28.53,Gondite,0.518,50.4,17.27,0.304,28.01,58.9,4908.0
G0259,MN03,21.67654,80.25839,88.9,40.37,Kodurite,0.525,51.1,18.13,0.29,32.16,81.0,3388.0
G0260,MN03,21.67073,80.20521,106.1,43.02,Kodurite,0.269,19.6,22.76,0.14,43.08,46.2,3035.0
G0261,MN03,21.67819,80.22207,274.7,54.0,Kodurite,0.258,37.0,26.03,0.359,34.91,97.4,8531.0
G0262,MN03,21.71232,80.25225,242.2,44.32,Psilomelane,0.394,57.0,30.81,0.379,34.16,158.0,10016.0
G0263,MN03,21.70036,80.28161,188.1,35.57,Gondite,0.336,76.2,11.96,0.342,32.91,80.9,8464.0
G0264,MN03,21.69768,80.24385,181.8,21.98,Laterite Capping,0.802,76.8,26.2,0.321,31.7,77.8,3206.0
G0265,MN03,21.67811,80.23964,107.6,25.49,Psilomelane,0.678,56.3,21.75,0.458,35.87,123.1,2675.0
G0266,MN03,21.69185,80.22464,123.6,33.02,Gondite,0.755,29.3,21.82,0.271,35.4,82.8,4594.0
G0267,MN03,21.69409,80.23901,92.3,40.03,Gondite,0.323,43.6,26.82,0.239,37.87,124.5,4023.0
G0268,MN03,21.71274,80.28646,192.0,37.1,Gondite,0.66,57.2,15.72,0.161,29.56,71.4,5789.0
G0269,MN03,21.71169,80.24862,193.7,28.21,Gondite,0.74,94.0,23.3,0.28,32.15,113.7,5706.0
G0270,MN03,21.69837,80.22313,112.6,36.81,Gondite,0.373,48.0,26.23,0.281,35.39,125.0,4754.0
G0271,MN03,21.71327,80.26377,173.1,39.96,Gondite,0.334,33.5,23.55,0.329,24.34,101.2,5158.0
G0272,MN03,21.69579,80.28032,94.9,31.4,Laterite Capping,0.506,67.2,24.04,0.313,37.05,109.2,2980.0
G0273,MN03,21.66468,80.24317,232.8,54.0,Gondite,0.257,61.0,29.61,0.364,32.74,132.6,11548.0
G0274,MN03,21.68344,80.28901,155.4,44.21,Gondite,0.697,61.2,20.35,0.397,30.09,85.6,9619.0
G0275,MN03,21.71849,80.23787,128.6,32.84,Gondite,0.194,70.2,21.82,0.329,29.08,150.7,3304.0
G0276,MN03,21.706,80.25057,106.3,33.13,Psilomelane,0.481,100.0,25.37,0.308,38.67,36.4,4739.0
G0277,MN03,21.73889,80.24968,58.7,34.83,Gondite,0.703,57.2,31.77,0.477,34.87,56.7,2585.0
G0278,MN03,21.70967,80.22509,164.2,40.43,Psilomelane,0.216,62.1,24.46,0.25,28.93,89.6,6246.0
G0279,MN03,21.70573,80.21,125.0,47.64,Gondite,0.207,58.0,22.18,0.237,41.92,150.1,6682.0
G0280,MN03,21.71053,80.23193,269.4,31.25,Gondite,0.131,10.2,26.81,0.612,38.5,99.7,3661.0
G0281,MN03,21.71675,80.27444,156.0,38.27,Kodurite,0.621,74.2,26.78,0.55,31.6,174.9,7651.0
G0282,MN03,21.76442,80.22815,131.7,41.35,Gondite,0.644,64.1,18.3,0.506,38.16,134.0,6460.0
G0283,MN03,21.70352,80.25043,224.9,38.25,Gondite,0.48,54.4,23.75,0.369,35.15,84.9,9152.0
G0284,MN03,21.69365,80.24333,213.8,23.31,Laterite Capping,0.479,42.6,24.92,0.508,30.83,144.7,2859.0
G0285,MN03,21.68945,80.23601,204.0,47.26,Kodurite,0.185,57.9,22.04,0.417,32.46,94.9,6474.0
G0286,MN03,21.72717,80.20122,235.9,34.29,Gondite,0.841,58.3,21.06,0.163,29.57,161.3,7557.0
G0287,MN03,21.70802,80.24677,133.8,51.42,Gondite,0.563,50.2,24.57,0.348,41.91,123.4,5113.0
G0288,MN03,21.70553,80.25276,183.0,39.97,Gondite,0.601,100.0,19.7,0.352,27.22,114.7,7425.0
G0289,MN03,21.69015,80.2729,213.0,42.55,Gondite,0.542,61.5,19.0,0.353,31.39,111.2,7912.0
G0290,MN03,21.65823,80.27444,174.3,34.12,Kodurite,0.947,60.4,22.51,0.214,33.38,51.4,5440.0
G0291,MN03,21.68399,80.26888,154.6,34.42,Laterite Capping,0.637,6.3,29.53,0.405,32.32,104.5,4481.0
G0292,MN03,21.66791,80.2402,100.5,52.17,Psilomelane,0.082,23.5,36.28,0.353,35.46,82.3,5406.0
G0293,MN03,21.69139,80.24633,222.8,24.97,Gondite,0.753,26.8,24.75,0.378,30.89,69.4,2967.0
G0294,MN03,21.69803,80.24269,132.0,50.38,Psilomelane,0.661,16.0,33.09,0.303,36.5,79.9,6538.0
G0295,MN03,21.68166,80.27672,201.8,40.94,Psilomelane,0.896,29.9,28.41,0.359,27.67,102.5,6014.0
G0296,MN03,21.69794,80.21889,217.0,41.02,Gondite,0.505,30.8,26.05,0.079,33.08,69.2,6876.0
G0297,MN03,21.67745,80.26048,181.4,49.2,Gondite,0.649,61.8,39.28,0.247,32.4,87.0,11485.0
G0298,MN03,21.70663,80.25093,256.0,33.06,Kodurite,0.656,33.7,25.44,0.264,40.13,145.5,5248.0
G0299,MN03,21.70925,80.25715,143.8,44.07,Kodurite,0.462,51.2,20.36,0.535,29.12,127.1,5951.0
G0300,MN03,21.73419,80.23393,128.5,30.24,Gondite,0.754,40.0,14.58,0.49,27.68,141.9,3168.0
G0301,MN03,21.73103,80.26699,109.4,30.66,Gondite,0.257,51.8,29.26,0.456,32.28,98.4,2232.0
G0302,MN03,21.67788,80.25837,170.3,38.6,Gondite,0.224,78.6,29.38,0.378,40.33,50.0,6138.0
G0303,MN03,21.70633,80.23371,201.1,29.15,Laterite Capping,0.936,61.3,23.58,0.038,37.85,115.5,4925.0
G0304,MN03,21.7189,80.23845,131.8,40.87,Kodurite,0.671,24.9,27.91,0.25,34.5,100.9,5717.0
G0305,MN03,21.70136,80.19054,192.5,43.14,Psilomelane,0.329,56.2,26.78,0.459,34.74,74.1,4658.0
G0306,MN03,21.68946,80.26722,155.3,44.41,Gondite,0.627,80.0,13.98,0.276,36.73,171.8,8327.0
G0307,MN03,21.69315,80.26714,240.8,35.12,Kodurite,0.568,48.9,27.1,0.336,33.81,67.7,8506.0
G0308,MN03,21.6762,80.24336,186.8,53.93,Gondite,0.163,29.9,41.08,0.383,29.19,108.3,8382.0
G0309,MN03,21.71592,80.28879,207.2,33.68,Gondite,0.772,32.1,16.62,0.39,28.21,0.0,4473.0
G0310,MN03,21.68956,80.23989,286.4,33.09,Laterite Capping,0.671,34.7,24.67,0.325,29.21,149.7,7082.0
G0311,MN03,21.69004,80.25491,174.1,31.06,Gondite,0.751,61.3,19.39,0.66,36.47,162.2,5949.0
G0312,MN03,21.73606,80.23626,20.0,34.43,Kodurite,0.318,66.0,18.08,0.22,39.49,114.0,1185.0
G0313,MN03,21.68657,80.23902,130.4,27.73,Psilomelane,0.287,55.3,18.93,0.35,34.28,138.6,2794.0
G0314,MN03,21.72058,80.25216,235.5,34.08,Psilomelane,0.447,43.0,18.86,0.418,34.73,87.6,6667.0
G0315,MN03,21.68134,80.24033,294.5,44.95,Psilomelane,0.98,49.0,22.11,0.36,37.87,97.1,10210.0
G0316,MN03,21.7055,80.24547,169.1,35.67,Gondite,0.348,49.0,22.16,0.335,32.65,106.9,4666.0
G0317,MN03,21.70405,80.26706,93.9,29.59,Gondite,0.559,85.7,19.83,0.381,36.31,70.5,3146.0
G0318,MN03,21.70258,80.30915,201.1,50.85,Kodurite,0.389,82.0,25.74,0.02,32.16,136.2,10599.0
G0319,MN03,21.7133,80.235,88.6,37.43,Psilomelane,0.613,51.4,14.53,0.187,33.17,189.2,4271.0
G0320,MN03,21.66449,80.18979,231.3,37.23,Laterite Capping,0.203,41.5,24.01,0.411,33.06,149.0,5067.0
G0321,MN03,21.67243,80.29154,137.7,33.45,Psilomelane,0.516,53.5,9.53,0.579,32.41,133.2,3119.0
G0322,MN03,21.68958,80.23855,282.9,33.31,Psilomelane,0.412,12.2,15.77,0.12,28.65,77.5,3469.0
G0323,MN03,21.68432,80.21171,108.7,47.6,Gondite,0.84,49.1,29.59,0.433,35.95,80.5,7367.0
G0324,MN03,21.69257,80.24798,322.6,23.9,Gondite,0.796,45.5,13.62,0.444,35.38,130.3,3955.0
G0325,MN03,21.70073,80.23401,156.7,54.0,Gondite,0.547,29.2,22.03,0.424,35.93,130.9,6544.0
G0326,MN03,21.68817,80.25744,136.0,35.77,Gondite,0.211,73.6,27.14,0.172,28.66,76.7,4045.0
G0327,MN03,21.69719,80.26429,267.9,40.47,Laterite Capping,0.217,65.7,18.25,0.278,32.83,79.0,8267.0
G0328,MN03,21.70614,80.23023,263.8,38.82,Gondite,0.329,66.6,25.06,0.185,27.5,154.9,9934.0
G0329,MN03,21.70546,80.28191,254.0,43.47,Kodurite,0.806,55.1,14.15,0.417,29.49,124.8,9114.0
G0330,MN03,21.69371,80.23686,168.7,53.12,Gondite,0.419,33.4,24.19,0.095,38.09,192.6,8048.0
G0331,MN03,21.6565,80.26418,116.7,32.69,Gondite,0.677,41.8,16.98,0.315,34.34,102.9,2874.0
G0332,MN03,21.71878,80.19722,148.8,33.04,Kodurite,0.734,53.9,13.38,0.582,27.24,126.8,5101.0
G0333,MN03,21.70451,80.24211,237.9,25.52,Psilomelane,0.313,43.1,27.96,0.375,29.19,99.7,3481.0
G0334,MN03,21.68507,80.26057,196.4,25.27,Gondite,0.522,24.6,14.79,0.57,34.16,93.2,2434.0
G0335,MN03,21.68879,80.22819,241.8,31.79,Laterite Capping,0.506,47.6,22.57,0.455,25.41,156.5,6468.0
G0336,MN03,21.72404,80.25095,251.0,26.23,Kodurite,0.59,33.5,25.57,0.151,24.28,164.9,4999.0
G0337,MN03,21.67801,80.25194,251.4,41.35,Gondite,0.673,44.5,21.73,0.346,33.38,68.1,9914.0
G0338,MN03,21.67947,80.24764,159.3,40.86,Kodurite,0.45,49.0,35.53,0.305,38.18,111.6,6910.0
G0339,MN03,21.7004,80.26896,132.0,30.13,Gondite,0.394,30.5,19.1,0.187,41.03,122.2,3136.0
G0340,MN03,21.6722,80.25198,215.6,35.98,Gondite,0.911,82.1,30.05,0.332,33.23,77.3,10933.0
G0341,MN03,21.6914,80.2468,222.6,36.5,Psilomelane,0.258,66.1,22.63,0.262,35.71,116.8,4760.0
G0342,MN03,21.69244,80.25034,144.3,49.85,Psilomelane,0.7,50.2,24.57,0.156,31.34,97.1,9237.0
G0343,MN03,21.70823,80.24037,212.8,36.54,Gondite,0.787,81.7,19.26,0.347,27.88,175.1,8289.0
G0344,MN03,21.69993,80.27909,226.3,30.99,Psilomelane,0.939,20.4,33.25,0.379,29.31,82.1,3977.0
G0345,MN03,21.67701,80.27233,336.2,43.81,Psilomelane,0.163,92.3,32.55,0.123,30.65,83.2,11703.0
G0346,MN03,21.69779,80.31192,104.6,39.83,Gondite,0.719,60.2,25.96,0.409,38.85,147.5,5553.0
G0347,MN03,21.67556,80.24,164.6,40.02,Kodurite,0.698,20.6,18.0,0.293,27.86,125.2,6169.0
G0348,MN03,21.68801,80.24326,217.6,32.29,Gondite,0.593,10.5,31.74,0.402,37.01,125.5,4519.0
G0349,MN03,21.69349,80.25934,158.2,44.94,Kodurite,0.519,32.3,26.26,0.242,32.61,144.0,5711.0
G0350,MN03,21.71477,80.26844,253.8,39.12,Laterite Capping,0.395,48.1,32.51,0.547,39.09,141.4,6021.0
G0351,MN03,21.70874,80.22717,75.9,39.91,Gondite,0.56,47.9,14.95,0.1,36.16,79.9,4273.0
G0352,MN03,21.72117,80.23961,221.3,32.71,Gondite,0.612,19.5,25.93,0.235,36.61,121.9,5140.0
G0353,MN03,21.6801,80.23669,244.9,52.17,Gondite,0.095,79.2,20.17,0.311,36.04,125.9,8940.0
G0354,MN03,21.68281,80.27177,263.4,50.1,Gondite,0.311,30.4,18.3,0.379,32.79,108.9,10406.0
G0355,MN03,21.71418,80.2786,44.8,40.03,Psilomelane,0.317,82.6,36.14,0.242,35.31,132.4,3529.0
G0356,MN03,21.70698,80.25807,298.1,46.82,Gondite,0.581,53.8,25.54,0.341,25.33,106.8,10597.0
G0357,MN03,21.67527,80.28068,215.3,37.76,Gondite,0.719,67.4,12.27,0.338,31.42,104.6,6890.0
G0358,MN03,21.70175,80.29047,157.3,40.33,Gondite,0.386,65.0,25.86,0.331,30.71,113.0,7436.0
G0359,MN03,21.69874,80.24567,162.4,45.94,Kodurite,0.3,72.9,16.79,0.296,29.66,99.3,9689.0
G0360,MN03,21.67055,80.21962,122.0,40.3,Laterite Capping,0.475,14.7,31.14,0.302,36.13,57.1,4207.0
G0361,MN04,21.05273,79.17512,69.0,38.25,Laterite Capping,0.379,68.5,32.08,0.146,35.6,148.3,3580.0
G0362,MN04,21.02378,79.17086,96.0,36.57,Psilomelane,0.749,70.1,37.55,0.166,34.36,66.5,6460.0
G0363,MN04,21.02923,79.13851,138.8,37.39,Gondite,0.834,48.9,30.84,0.26,26.71,108.6,7832.0
G0364,MN04,21.05122,79.14801,119.1,52.06,Laterite Capping,0.792,62.5,30.0,0.383,32.92,67.5,9143.0
G0365,MN04,21.0285,79.16172,236.5,49.81,Kodurite,0.738,42.3,26.11,0.193,29.97,135.4,13267.0
G0366,MN04,21.02829,79.16541,142.7,38.13,Gondite,0.347,30.3,19.57,0.313,23.73,101.7,3852.0
G0367,MN04,21.06368,79.15905,138.0,42.72,Gondite,0.87,35.2,24.58,0.221,31.23,61.0,6797.0
G0368,MN04,21.05651,79.16005,180.9,25.67,Gondite,0.404,66.2,17.36,0.45,35.33,77.8,4042.0
G0369,MN04,21.04479,79.1238,211.9,39.74,Kodurite,0.385,53.3,26.13,0.202,29.61,21.6,7701.0
G0370,MN04,21.02376,79.15465,206.0,42.82,Kodurite,0.24,56.7,18.11,0.421,32.65,132.4,6004.0
G0371,MN04,21.04454,79.15528,197.2,41.95,Kodurite,0.171,58.9,16.15,0.243,35.29,163.6,4882.0
G0372,MN04,21.04551,79.15592,240.5,35.25,Psilomelane,0.625,40.5,18.69,0.473,34.61,129.6,8155.0
G0373,MN04,21.0269,79.14096,191.1,33.49,Gondite,0.45,68.7,26.03,0.408,34.29,102.5,5048.0
G0374,MN04,21.05378,79.14534,298.3,48.74,Kodurite,0.812,52.0,25.81,0.379,37.15,82.3,12012.0
G0375,MN04,21.07702,79.16742,152.6,37.14,Psilomelane,0.184,63.3,13.74,0.288,38.03,126.1,2011.0
G0376,MN04,21.06148,79.19036,40.3,50.16,Psilomelane,0.969,73.0,26.69,0.39,31.86,35.5,5887.0
G0377,MN04,21.083,79.17459,40.8,25.88,Gondite,0.132,65.5,26.9,0.302,32.09,32.0,1243.0
G0378,MN04,21.04815,79.15537,206.5,39.95,Gondite,0.572,46.3,20.12,0.403,30.98,125.4,6997.0
G0379,MN04,21.04192,79.14544,144.4,24.83,Kodurite,0.65,42.4,17.99,0.251,25.81,171.3,3728.0
G0380,MN04,21.06001,79.13408,306.8,35.19,Psilomelane,0.401,42.1,20.09,0.128,31.94,155.8,7338.0
G0381,MN04,21.04841,79.1321,195.9,46.1,Kodurite,0.382,57.7,39.73,0.147,32.42,109.7,8343.0
G0382,MN04,21.06873,79.16145,190.7,44.38,Gondite,0.839,39.1,31.1,0.171,24.7,111.3,11580.0
G0383,MN04,21.04885,79.14528,49.9,41.62,Gondite,0.084,61.7,28.0,0.399,36.72,37.2,2091.0
G0384,MN04,21.03328,79.1494,207.2,40.6,Gondite,0.646,46.2,25.96,0.02,42.86,132.7,6726.0
G0385,MN04,21.08655,79.14505,189.3,34.1,Kodurite,0.29,48.9,30.37,0.656,34.29,114.7,5096.0
G0386,MN04,21.07421,79.14002,160.5,25.7,Gondite,0.174,31.8,18.92,0.534,37.28,111.1,2145.0
G0387,MN04,21.0705,79.13213,207.4,54.0,Kodurite,0.43,64.0,31.41,0.275,32.11,71.5,11508.0
G0388,MN04,21.03675,79.13178,312.5,41.73,Gondite,0.722,44.6,26.72,0.378,31.72,56.8,10794.0
G0389,MN04,21.04391,79.11419,215.5,45.72,Gondite,0.667,54.0,19.42,0.308,25.46,147.1,8285.0
G0390,MN04,21.04731,79.12347,139.2,35.76,Kodurite,0.458,78.9,27.21,0.344,37.11,152.9,6210.0
G0391,MN04,21.01891,79.13517,160.8,44.24,Gondite,0.491,29.3,27.11,0.259,26.73,98.5,7982.0
G0392,MN04,21.05721,79.19236,192.4,54.0,Gondite,0.323,37.1,32.39,0.451,38.15,95.5,8939.0
G0393,MN04,21.0468,79.16765,288.7,40.95,Gondite,0.511,90.0,31.17,0.341,32.36,133.0,15728.0
G0394,MN04,21.05668,79.16109,183.6,35.38,Laterite Capping,0.362,45.2,24.08,0.245,35.93,164.7,6653.0
G0395,MN04,21.05207,79.16349,169.3,42.22,Psilomelane,0.429,45.2,34.36,0.661,28.45,59.6,5737.0
G0396,MN04,21.04593,79.16992,221.4,39.38,Gondite,0.36,26.8,17.24,0.433,34.16,134.4,3929.0
G0397,MN04,21.01833,79.16526,20.0,47.8,Gondite,0.468,4.5,28.56,0.107,35.14,101.7,1673.0
G0398,MN04,21.02977,79.16761,78.6,47.93,Gondite,0.294,48.3,25.12,0.507,35.19,117.1,4364.0
G0399,MN04,21.04699,79.17809,180.3,34.84,Gondite,0.546,45.9,27.97,0.053,35.32,103.5,4997.0
G0400,MN04,21.05162,79.14208,31.3,45.38,Gondite,0.765,82.3,25.49,0.163,34.26,107.9,4309.0
G0401,MN04,21.06013,79.09228,218.2,29.97,Gondite,0.818,65.3,23.78,0.256,28.98,151.0,4715.0
G0402,MN04,21.06929,79.1487,173.3,24.34,Kodurite,0.51,51.8,19.35,0.474,23.92,123.9,4242.0
G0403,MN04,21.0768,79.1598,158.9,32.91,Psilomelane,0.465,48.8,15.58,0.193,36.09,107.6,4898.0
G0404,MN04,21.03733,79.16861,168.9,32.14,Gondite,0.372,39.3,17.3,0.328,37.37,89.2,3254.0
G0405,MN04,21.05111,79.16198,295.0,40.83,Kodurite,0.797,23.4,28.81,0.373,33.54,6.3,12927.0
G0406,MN04,21.03011,79.19304,78.6,31.5,Kodurite,0.776,65.5,27.84,0.574,30.2,118.8,2872.0
G0407,MN04,21.0413,79.14162,212.5,46.14,Laterite Capping,0.331,35.8,20.95,0.537,34.61,117.0,6822.0
G0408,MN04,21.09692,79.1781,129.5,35.81,Gondite,0.447,23.7,17.02,0.29,31.33,189.9,4282.0
G0409,MN04,21.06689,79.14671,160.0,26.39,Gondite,0.514,47.2,24.34,0.474,26.91,139.4,3378.0
G0410,MN04,21.02683,79.11031,170.4,49.58,Laterite Capping,0.574,41.0,21.39,0.24,25.25,161.5,7395.0
G0411,MN04,21.03197,79.1284,165.7,52.11,Gondite,0.321,55.7,20.79,0.324,31.65,174.6,9109.0
G0412,MN04,21.0614,79.09866,175.3,54.0,Gondite,0.304,54.9,20.09,0.316,23.19,66.6,9023.0
G0413,MN04,21.06491,79.11317,153.3,46.08,Psilomelane,0.284,46.6,29.43,0.169,32.5,91.8,6344.0
G0414,MN04,21.06497,79.16308,127.6,39.09,Kodurite,0.361,17.4,32.42,0.249,37.28,85.1,3575.0
G0415,MN04,21.07226,79.17188,194.6,44.09,Gondite,0.346,79.7,22.31,0.334,36.36,111.0,7876.0
G0416,MN04,21.0474,79.16988,133.6,36.99,Kodurite,0.367,45.2,22.82,0.188,28.96,88.8,5409.0
G0417,MN04,21.04734,79.14231,265.9,50.41,Laterite Capping,0.13,44.6,28.83,0.44,31.23,118.8,10940.0
G0418,MN04,21.02479,79.15225,102.0,30.13,Kodurite,0.711,27.1,26.08,0.496,32.59,101.9,3208.0
G0419,MN04,21.00743,79.16274,397.1,37.02,Kodurite,0.463,61.3,39.28,0.421,28.49,121.3,8665.0
G0420,MN04,21.07266,79.13288,185.2,31.14,Gondite,0.809,12.6,16.05,0.371,36.86,87.6,5176.0
G0421,MN04,21.03365,79.14724,104.4,45.93,Gondite,0.097,51.6,27.6,0.539,41.17,107.5,4181.0
G0422,MN04,21.0296,79.17154,84.0,35.98,Gondite,0.125,41.3,29.89,0.377,38.84,116.6,2675.0
G0423,MN04,21.01233,79.11961,51.5,41.03,Gondite,0.738,62.4,19.22,0.22,37.98,124.2,3501.0
G0424,MN04,21.06083,79.15218,206.8,31.47,Psilomelane,0.417,64.7,30.45,0.256,37.25,183.9,5181.0
G0425,MN04,21.04869,79.14153,155.7,51.69,Psilomelane,0.217,41.0,25.34,0.237,34.12,39.0,7868.0
G0426,MN04,21.05447,79.15085,152.7,30.84,Kodurite,0.086,19.9,20.32,0.409,32.64,54.0,2773.0
G0427,MN04,21.0478,79.19029,162.3,47.34,Gondite,0.159,50.5,16.08,0.304,36.77,92.6,5761.0
G0428,MN04,21.0254,79.13903,303.1,38.58,Laterite Capping,0.658,47.2,35.27,0.331,33.01,135.6,5943.0
G0429,MN04,21.0521,79.15102,284.0,45.72,Psilomelane,0.836,45.9,33.52,0.369,34.19,146.0,15133.0
G0430,MN04,21.06367,79.18039,222.6,39.34,Psilomelane,0.484,79.3,28.77,0.379,31.89,123.3,8645.0
G0431,MN04,21.03471,79.15458,198.6,35.0,Kodurite,0.747,51.6,16.34,0.431,33.63,213.7,7963.0
G0432,MN04,21.06222,79.15698,191.5,29.97,Gondite,0.83,45.0,22.21,0.281,31.53,179.0,5668.0
G0433,MN04,21.03679,79.15063,178.0,31.86,Laterite Capping,0.844,52.4,11.76,0.351,36.43,128.0,7574.0
G0434,MN04,21.07302,79.18098,376.0,44.07,Kodurite,0.643,58.0,20.29,0.249,34.98,104.5,8900.0
G0435,MN04,21.01889,79.12905,118.2,41.32,Psilomelane,0.499,54.2,30.66,0.448,34.74,160.8,3685.0
G0436,MN04,21.04219,79.14588,260.7,50.57,Laterite Capping,0.879,43.6,15.18,0.397,36.23,152.2,11110.0
G0437,MN04,21.04721,79.15139,298.2,15.33,Psilomelane,0.553,36.8,23.15,0.465,31.51,91.9,2096.0
G0438,MN04,21.04785,79.11719,212.3,34.39,Psilomelane,0.791,25.2,19.49,0.501,38.98,64.1,4978.0
G0439,MN04,21.04648,79.16371,56.8,25.18,Kodurite,0.098,47.2,21.06,0.471,33.9,84.1,1313.0
G0440,MN04,21.05566,79.18636,235.0,47.72,Laterite Capping,0.42,75.3,29.69,0.288,36.0,118.9,12646.0
G0441,MN04,21.02111,79.14909,175.9,42.99,Kodurite,0.244,51.6,23.96,0.467,30.93,104.4,5141.0
G0442,MN04,21.07638,79.15985,130.5,37.08,Kodurite,0.588,42.8,21.13,0.186,33.42,102.8,4440.0
G0443,MN04,21.05198,79.16696,229.1,42.42,Gondite,0.506,34.3,24.7,0.219,26.63,142.8,6909.0
G0444,MN04,21.03126,79.13012,209.6,49.0,Kodurite,0.848,98.9,8.21,0.31,30.59,99.4,11938.0
G0445,MN04,21.06424,79.14975,116.2,36.62,Psilomelane,0.088,47.3,21.44,0.413,40.19,133.2,2533.0
G0446,MN04,21.02032,79.14402,161.2,24.22,Gondite,0.105,58.8,15.82,0.446,30.73,66.5,2289.0
G0447,MN04,21.03869,79.1455,246.5,31.72,Kodurite,0.415,40.2,21.52,0.453,38.95,157.6,4601.0
G0448,MN04,21.05169,79.13636,110.6,28.83,Gondite,0.556,72.4,19.93,0.195,34.7,17.3,4223.0
G0449,MN04,21.04373,79.18863,59.1,45.35,Kodurite,0.332,85.7,30.32,0.258,29.34,55.3,6036.0
G0450,MN04,21.03244,79.1816,216.8,40.64,Gondite,0.684,47.1,19.24,0.411,32.96,129.6,7094.0
G0451,MN04,21.02382,79.1867,288.3,45.07,Kodurite,0.511,87.4,23.97,0.542,27.76,130.7,18372.0
G0452,MN04,21.0486,79.14672,98.3,46.66,Psilomelane,0.252,49.4,17.41,0.511,31.94,65.8,3404.0
G0453,MN04,21.03508,79.12291,136.4,43.96,Gondite,0.553,43.0,26.5,0.144,39.4,90.9,7464.0
G0454,MN04,21.04554,79.16423,227.0,34.38,Psilomelane,0.417,40.8,24.02,0.222,34.02,111.8,4940.0
G0455,MN04,21.0469,79.15468,136.9,36.97,Psilomelane,0.771,10.4,8.5,0.298,27.59,100.5,4011.0
G0456,MN04,21.06641,79.12923,208.0,38.12,Kodurite,0.413,34.2,28.36,0.337,31.83,135.3,5594.0
G0457,MN04,20.99476,79.09074,269.1,47.84,Gondite,0.443,41.6,24.46,0.203,40.03,199.6,10529.0
G0458,MN04,21.04778,79.1261,288.3,38.61,Laterite Capping,0.56,71.7,23.3,0.482,32.35,104.6,7634.0
G0459,MN04,21.0632,79.13448,146.0,38.01,Gondite,0.091,45.5,24.87,0.329,29.02,108.5,4997.0
G0460,MN04,21.02698,79.14451,83.3,45.53,Kodurite,0.393,29.3,15.52,0.201,38.8,80.7,4109.0
G0461,MN04,21.03127,79.16719,108.2,38.31,Psilomelane,0.871,92.8,14.14,0.242,32.2,93.3,5900.0
G0462,MN04,21.02192,79.18008,80.4,36.4,Gondite,0.779,34.9,25.05,0.179,36.34,114.6,3755.0
G0463,MN04,21.07682,79.14324,129.2,33.62,Psilomelane,0.895,57.2,24.5,0.497,40.83,140.4,6584.0
G0464,MN04,21.06334,79.1862,309.6,45.61,Kodurite,0.528,35.6,23.13,0.046,40.26,101.2,10610.0
G0465,MN04,21.07716,79.15801,281.1,28.07,Psilomelane,0.451,44.2,32.07,0.14,35.08,131.3,7265.0
G0466,MN04,21.01634,79.18419,140.8,34.42,Kodurite,0.507,36.7,16.44,0.288,34.38,98.9,3987.0
G0467,MN04,21.06192,79.17365,158.3,29.65,Gondite,0.755,45.8,18.92,0.446,26.47,46.8,4001.0
G0468,MN04,21.04449,79.12291,137.5,34.79,Kodurite,0.299,33.9,24.31,0.365,37.9,86.0,4195.0
G0469,MN04,21.04884,79.18183,270.4,39.58,Kodurite,0.329,41.9,21.22,0.195,35.41,77.2,8437.0
G0470,MN04,21.02214,79.15454,260.5,20.78,Gondite,0.318,55.5,29.02,0.441,39.67,130.9,4409.0
G0471,MN04,21.06602,79.11588,362.8,33.41,Gondite,0.647,44.9,33.14,0.406,36.75,23.4,8280.0
G0472,MN04,21.05621,79.15647,247.3,35.07,Kodurite,0.592,31.8,25.77,0.497,37.21,104.6,7136.0
G0473,MN04,21.06536,79.15025,131.5,32.92,Gondite,0.843,39.1,25.63,0.503,27.75,108.2,4435.0
G0474,MN04,21.05559,79.17678,86.9,42.56,Gondite,0.388,61.6,27.5,0.217,37.24,156.7,4839.0
G0475,MN04,21.01812,79.14971,193.6,28.84,Kodurite,0.185,57.0,23.1,0.424,31.3,77.9,3267.0
G0476,MN04,21.03724,79.15238,190.4,36.47,Gondite,0.594,100.0,26.35,0.181,36.46,73.6,9522.0
G0477,MN04,21.04378,79.1432,292.6,42.53,Laterite Capping,0.47,52.7,34.94,0.437,34.12,120.1,10389.0
G0478,MN04,21.02298,79.1502,195.5,34.67,Gondite,0.388,22.7,34.48,0.334,32.72,96.3,4315.0
G0479,MN04,21.07888,79.17972,211.1,37.14,Psilomelane,0.452,55.0,25.08,0.418,30.64,138.4,5559.0
G0480,MN04,21.03655,79.14142,105.0,46.13,Psilomelane,0.47,29.8,29.3,0.429,36.34,131.5,5163.0
G0481,MN05,21.24151,79.0797,270.3,44.12,Kodurite,0.743,41.7,18.49,0.154,27.07,95.1,9713.0
G0482,MN05,21.23449,79.10901,175.4,42.62,Kodurite,0.623,31.3,29.64,0.294,37.53,65.1,5978.0
G0483,MN05,21.25962,79.11941,296.7,38.33,Kodurite,0.646,3.2,17.19,0.399,27.9,127.1,7222.0
G0484,MN05,21.24197,79.07662,146.8,30.27,Gondite,0.269,77.8,17.27,0.368,37.64,155.3,3513.0
G0485,MN05,21.2631,79.10442,142.2,42.93,Gondite,0.466,59.2,18.05,0.263,41.94,99.9,5311.0
G0486,MN05,21.27505,79.07705,148.7,47.99,Gondite,0.227,37.9,30.71,0.537,30.04,102.3,6737.0
G0487,MN05,21.23485,79.10141,164.3,36.04,Kodurite,0.636,47.6,23.53,0.295,34.38,37.4,4865.0
G0488,MN05,21.2464,79.07888,294.0,38.15,Kodurite,0.675,31.3,22.24,0.037,28.63,168.6,9104.0
G0489,MN05,21.27838,79.12375,227.1,34.38,Kodurite,0.329,89.5,22.78,0.512,39.82,69.1,6106.0
G0490,MN05,21.23134,79.0714,226.7,36.43,Gondite,0.387,60.6,27.55,0.512,32.67,25.1,6787.0
G0491,MN05,21.25601,79.07531,190.3,35.11,Laterite Capping,0.693,74.7,23.51,0.359,31.29,128.5,8966.0
G0492,MN05,21.26496,79.10974,222.4,26.96,Psilomelane,0.69,23.1,21.81,0.358,29.64,113.2,3570.0
G0493,MN05,21.27381,79.09277,228.7,39.63,Gondite,0.503,57.6,15.93,0.343,35.48,146.3,6344.0
G0494,MN05,21.25236,79.09968,288.3,26.15,Gondite,0.07,40.6,28.85,0.158,27.5,100.9,3206.0
G0495,MN05,21.24612,79.07072,195.0,36.81,Gondite,0.825,43.4,22.84,0.472,30.23,164.0,8750.0
G0496,MN05,21.26706,79.07639,27.0,46.63,Gondite,0.528,60.5,17.65,0.314,37.76,118.4,3288.0
G0497,MN05,21.27467,79.09615,20.0,29.15,Kodurite,0.144,38.5,19.6,0.355,34.28,103.8,996.0
G0498,MN05,21.23602,79.0984,211.2,34.8,Gondite,0.492,37.4,19.96,0.497,35.59,69.1,5399.0
G0499,MN05,21.20452,79.08452,247.3,37.0,Kodurite,0.05,69.2,22.59,0.326,27.78,101.8,4852.0
G0500,MN05,21.21504,79.0743,285.6,35.84,Gondite,0.254,38.9,23.46,0.376,30.17,36.5,5209.0
G0501,MN05,21.23702,79.08054,247.9,28.29,Gondite,0.556,46.6,26.02,0.183,22.3,125.1,5457.0
G0502,MN05,21.26151,79.0855,284.3,34.32,Gondite,0.665,20.0,33.03,0.402,34.84,234.7,6844.0
G0503,MN05,21.22595,79.09208,111.8,34.83,Kodurite,0.179,45.5,28.29,0.407,34.15,137.4,3445.0
G0504,MN05,21.2654,79.11106,191.4,36.24,Kodurite,0.332,33.8,21.69,0.288,27.25,83.9,5065.0
G0505,MN05,21.27732,79.10709,20.0,43.13,Gondite,0.619,49.6,32.22,0.331,37.64,147.6,2399.0
G0506,MN05,21.21627,79.11833,147.9,43.73,Gondite,0.439,52.4,21.67,0.327,28.11,109.4,5255.0
G0507,MN05,21.24409,79.11451,197.8,26.14,Psilomelane,0.369,26.7,34.39,0.366,32.46,93.8,4028.0
G0508,MN05,21.2415,79.0651,132.5,48.61,Kodurite,0.324,46.7,26.41,0.223,33.48,122.3,4747.0
G0509,MN05,21.24821,79.08994,252.0,23.24,Kodurite,0.41,63.2,20.7,0.402,31.28,144.4,2953.0
G0510,MN05,21.23553,79.10511,265.8,20.38,Gondite,0.476,62.7,19.72,0.246,30.96,111.3,3446.0
G0511,MN05,21.23622,79.11403,136.5,31.04,Kodurite,0.79,92.9,24.81,0.506,37.08,85.8,5551.0
G0512,MN05,21.22635,79.0919,136.2,34.78,Kodurite,0.466,35.1,14.62,0.38,35.06,120.3,3265.0
G0513,MN05,21.25694,79.0866,100.3,43.94,Gondite,0.465,63.1,21.13,0.305,23.63,97.9,5609.0
G0514,MN05,21.2438,79.13112,98.6,33.49,Gondite,0.191,35.5,16.73,0.51,37.49,105.8,1994.0
G0515,MN05,21.22587,79.09941,218.5,21.47,Laterite Capping,0.518,28.3,21.32,0.362,28.83,71.2,3475.0
G0516,MN05,21.23245,79.11757,149.4,37.79,Kodurite,0.852,0.6,22.53,0.447,35.62,58.1,3535.0
G0517,MN05,21.23823,79.09972,37.8,37.89,Laterite Capping,0.402,11.3,24.7,0.23,30.82,129.2,2240.0
G0518,MN05,21.25124,79.10708,78.9,39.96,Gondite,0.735,48.2,17.35,0.646,28.88,107.4,4474.0
G0519,MN05,21.25735,79.09221,167.1,36.12,Psilomelane,0.71,42.9,21.07,0.162,32.44,93.7,6889.0
G0520,MN05,21.22807,79.08446,117.1,49.54,Psilomelane,0.628,22.7,29.64,0.17,35.05,114.6,6649.0
G0521,MN05,21.26143,79.07733,111.7,43.72,Psilomelane,0.135,69.9,25.11,0.523,29.06,109.7,5788.0
G0522,MN05,21.24819,79.11904,149.8,54.0,Kodurite,0.356,23.8,32.24,0.345,32.71,110.4,4748.0
G0523,MN05,21.24819,79.08094,244.3,45.96,Gondite,0.467,74.9,37.01,0.125,31.82,80.3,12020.0
G0524,MN05,21.25227,79.09132,251.9,29.19,Kodurite,0.556,46.7,18.74,0.466,32.64,152.5,4791.0
G0525,MN05,21.25152,79.08474,179.5,43.7,Gondite,0.46,67.0,24.55,0.515,28.69,51.0,7173.0
G0526,MN05,21.22431,79.06835,223.5,37.97,Psilomelane,0.201,23.6,28.67,0.318,41.29,89.0,5792.0
G0527,MN05,21.27364,79.08557,128.0,43.93,Gondite,0.241,16.2,17.61,0.275,30.63,114.7,4465.0
G0528,MN05,21.29739,79.0956,258.1,31.36,Gondite,0.426,10.9,33.98,0.293,26.39,145.9,4006.0
G0529,MN05,21.2738,79.08133,142.1,40.76,Psilomelane,0.54,54.0,23.18,0.165,35.62,111.7,5537.0
G0530,MN05,21.27756,79.06744,295.1,37.82,Gondite,0.447,63.5,22.7,0.081,26.97,192.1,7000.0
G0531,MN05,21.28054,79.07732,167.2,43.0,Gondite,0.667,63.2,33.62,0.318,40.21,85.5,9653.0
G0532,MN05,21.26178,79.07463,195.0,38.06,Kodurite,0.58,48.2,21.7,0.361,30.57,216.3,5011.0
G0533,MN05,21.24031,79.08589,322.8,27.44,Laterite Capping,0.344,41.0,24.54,0.141,33.22,78.2,4594.0
G0534,MN05,21.21829,79.1041,61.2,39.19,Laterite Capping,0.237,81.2,19.32,0.522,27.31,139.8,3051.0
G0535,MN05,21.23339,79.10829,246.1,45.32,Gondite,0.469,54.1,29.32,0.134,32.83,54.6,10231.0
G0536,MN05,21.28484,79.08652,188.9,44.05,Gondite,0.234,57.5,29.5,0.358,35.54,97.4,7287.0
G0537,MN05,21.23935,79.12127,286.5,49.04,Psilomelane,0.224,37.3,27.01,0.192,36.01,165.2,12339.0
G0538,MN05,21.26617,79.06836,193.8,54.0,Psilomelane,0.38,35.3,18.76,0.459,28.84,102.1,8507.0
G0539,MN05,21.27272,79.10829,212.0,34.78,Gondite,0.649,39.3,23.64,0.564,38.03,103.6,4694.0
G0540,MN05,21.27875,79.09502,59.1,43.7,Kodurite,0.585,64.5,21.38,0.398,28.86,55.9,4842.0
G0541,MN05,21.25705,79.11445,142.7,31.64,Psilomelane,0.085,36.2,18.68,0.332,27.77,71.5,3233.0
G0542,MN05,21.26499,79.07501,227.3,41.63,Psilomelane,0.516,24.3,23.35,0.332,32.27,127.8,7513.0
G0543,MN05,21.25985,79.09246,128.5,46.78,Kodurite,0.707,60.1,23.15,0.258,39.74,63.8,8586.0
G0544,MN05,21.29573,79.11755,177.8,28.93,Gondite,0.569,48.0,26.36,0.214,30.14,103.6,4122.0
G0545,MN05,21.28873,79.10064,67.0,41.35,Gondite,0.228,63.2,25.27,0.409,40.07,132.5,3144.0
G0546,MN05,21.27412,79.08338,191.4,27.66,Psilomelane,0.855,33.6,31.06,0.322,28.34,113.0,3822.0
G0547,MN05,21.27738,79.09601,169.4,42.73,Gondite,0.447,66.7,27.29,0.184,30.81,73.9,10385.0
G0548,MN05,21.27012,79.08758,220.3,27.15,Kodurite,0.539,51.6,22.38,0.33,31.11,119.3,4682.0
G0549,MN05,21.25597,79.07243,110.1,41.19,Psilomelane,0.487,31.1,17.24,0.495,33.98,83.2,4094.0
G0550,MN05,21.24146,79.12223,165.8,39.24,Kodurite,0.301,55.1,23.69,0.357,33.32,120.4,7073.0
G0551,MN05,21.22841,79.08916,226.7,41.85,Gondite,0.699,30.1,22.21,0.422,34.88,126.1,7270.0
G0552,MN05,21.24452,79.0924,230.7,44.73,Psilomelane,0.549,81.3,21.73,0.352,35.77,75.0,10342.0
G0553,MN05,21.24667,79.08572,149.2,46.9,Kodurite,0.852,21.7,28.11,0.265,33.44,58.2,7418.0
G0554,MN05,21.27054,79.07986,137.5,41.64,Gondite,0.05,47.1,12.95,0.418,30.99,131.8,3971.0
G0555,MN05,21.25676,79.0805,240.5,28.49,Gondite,0.516,18.9,32.44,0.498,32.73,61.0,3744.0
G0556,MN05,21.21558,79.1149,67.8,40.29,Psilomelane,0.248,24.6,19.47,0.053,24.47,181.9,3881.0
G0557,MN05,21.25385,79.07952,159.1,44.99,Kodurite,0.658,55.9,18.39,0.384,31.46,115.1,9818.0
G0558,MN05,21.24864,79.1144,54.6,34.24,Gondite,0.783,34.3,22.43,0.391,33.77,172.6,2821.0
G0559,MN05,21.27856,79.0888,128.2,36.19,Gondite,0.716,27.1,28.43,0.29,37.72,94.3,5019.0
G0560,MN05,21.25559,79.11088,187.7,24.69,Gondite,0.363,31.7,27.17,0.334,36.49,102.9,3420.0
G0561,MN05,21.26047,79.10176,153.8,39.86,Psilomelane,0.481,84.5,31.2,0.35,34.05,81.9,7113.0
G0562,MN05,21.25819,79.11301,232.4,29.13,Gondite,0.277,55.3,27.71,0.454,38.46,139.1,3544.0
G0563,MN05,21.2922,79.11731,144.3,29.76,Gondite,0.321,27.7,25.8,0.296,33.48,56.3,2860.0
G0564,MN05,21.2663,79.10812,124.8,28.65,Gondite,0.697,80.0,24.66,0.167,33.67,191.8,3364.0
G0565,MN05,21.25259,79.09147,186.7,39.55,Psilomelane,0.539,36.6,13.08,0.374,41.4,128.3,6297.0
G0566,MN05,21.24374,79.09111,248.9,54.0,Kodurite,0.601,21.0,17.94,0.318,32.45,51.2,9923.0
G0567,MN05,21.24563,79.07254,154.1,35.43,Gondite,0.943,51.9,26.2,0.284,29.39,109.7,5815.0
G0568,MN05,21.28302,79.08952,176.3,54.0,Psilomelane,0.471,53.9,25.3,0.243,34.92,191.1,12275.0
G0569,MN05,21.25808,79.11312,119.2,35.92,Kodurite,0.798,51.9,34.74,0.373,34.06,97.8,6413.0
G0570,MN05,21.27916,79.0753,155.3,45.32,Gondite,0.239,54.2,17.02,0.222,33.86,111.3,5035.0
G0571,MN05,21.23768,79.0747,211.9,22.26,Gondite,0.478,82.8,33.15,0.159,33.86,70.4,3183.0
G0572,MN05,21.24973,79.12057,222.0,32.28,Kodurite,0.132,45.9,22.77,0.334,33.06,131.6,4416.0
G0573,MN05,21.24631,79.10403,237.8,33.55,Psilomelane,0.165,40.0,21.45,0.364,31.69,104.7,2447.0
G0574,MN05,21.25314,79.09636,252.7,48.47,Gondite,0.508,26.3,23.31,0.491,34.18,169.9,7770.0
G0575,MN05,21.27296,79.08296,195.8,39.73,Kodurite,0.395,38.3,12.98,0.4,31.87,104.8,6105.0
G0576,MN05,21.24287,79.09062,173.0,49.76,Gondite,0.221,18.8,28.3,0.403,32.02,121.7,6408.0
G0577,MN05,21.26405,79.10809,20.0,36.08,Gondite,0.296,24.0,32.85,0.483,32.61,102.1,722.0
G0578,MN05,21.24547,79.06893,195.5,39.22,Psilomelane,0.386,23.8,20.59,0.297,35.55,72.1,4850.0
G0579,MN05,21.24878,79.08704,236.8,43.13,Gondite,0.738,25.7,24.21,0.478,30.89,90.9,7855.0
G0580,MN05,21.26346,79.08645,142.7,27.24,Gondite,0.807,38.3,31.88,0.534,33.04,50.1,5614.0
G0581,MN05,21.25975,79.08952,246.9,43.62,Laterite Capping,0.63,49.5,25.87,0.315,32.3,75.3,10987.0
G0582,MN05,21.28179,79.08487,218.7,41.46,Kodurite,0.167,49.4,10.93,0.118,33.23,188.8,5115.0
G0583,MN05,21.26928,79.0864,183.9,47.72,Laterite Capping,0.349,36.3,32.83,0.357,35.17,115.3,6865.0
G0584,MN05,21.25197,79.08715,247.2,36.38,Psilomelane,0.104,56.0,24.64,0.339,34.84,116.3,3504.0
G0585,MN05,21.24553,79.1045,294.8,51.49,Laterite Capping,0.218,57.0,25.57,0.483,38.39,156.3,12049.0
G0586,MN05,21.24502,79.11134,237.1,36.47,Gondite,0.805,57.0,26.74,0.284,40.63,126.9,8897.0
G0587,MN05,21.28718,79.08702,173.8,27.97,Gondite,0.146,48.0,27.97,0.228,33.66,138.0,2327.0
G0588,MN05,21.2657,79.06252,171.8,28.69,Kodurite,0.238,19.9,26.59,0.124,28.72,87.0,3343.0
G0589,MN05,21.27791,79.11806,169.3,18.58,Gondite,0.652,39.5,34.53,0.213,27.97,147.7,2156.0
G0590,MN05,21.22836,79.12656,212.3,34.95,Kodurite,0.586,39.6,20.67,0.524,38.9,34.9,6173.0
G0591,MN05,21.24958,79.07533,198.3,27.2,Kodurite,0.346,81.5,26.32,0.581,32.18,88.0,6135.0
G0592,MN05,21.24044,79.09243,230.4,28.1,Psilomelane,0.45,47.8,18.23,0.617,26.74,52.9,4758.0
G0593,MN05,21.2845,79.09979,250.0,22.03,Psilomelane,0.13,46.8,26.52,0.44,31.8,66.2,3090.0
G0594,MN05,21.26426,79.11388,201.8,28.65,Kodurite,0.559,67.8,14.92,0.243,31.54,174.6,5646.0
G0595,MN05,21.21918,79.12303,274.5,28.61,Gondite,0.252,85.0,10.06,0.319,31.19,156.1,6362.0
G0596,MN05,21.27108,79.06899,240.4,42.07,Kodurite,0.105,45.8,26.29,0.326,27.05,185.4,7977.0
G0597,MN05,21.24529,79.0901,205.2,28.96,Gondite,0.454,82.9,23.8,0.387,24.82,86.1,5764.0
G0598,MN05,21.25588,79.05292,194.5,40.93,Gondite,0.583,64.7,7.75,0.284,38.93,110.3,8216.0
G0599,MN05,21.21916,79.06396,280.6,38.81,Gondite,0.508,100.0,26.84,0.266,23.03,42.6,14576.0
G0600,MN05,21.23142,79.08858,225.9,49.86,Psilomelane,0.55,58.2,25.6,0.576,35.25,156.0,9021.0
G0601,MN06,21.3575,79.28654,207.7,43.51,Gondite,0.286,65.3,34.76,0.161,38.79,70.4,7412.0
G0602,MN06,21.35823,79.32566,99.2,33.9,Laterite Capping,0.114,35.3,15.92,0.313,29.26,128.7,2737.0
G0603,MN06,21.33774,79.3407,128.5,37.04,Laterite Capping,0.576,36.7,29.36,0.454,39.16,43.3,3945.0
G0604,MN06,21.36346,79.24797,214.4,46.48,Kodurite,0.52,36.3,19.9,0.295,32.26,185.0,7474.0
G0605,MN06,21.35388,79.28946,138.7,24.37,Gondite,0.135,39.0,15.02,0.34,37.03,92.1,1954.0
G0606,MN06,21.3761,79.31016,126.8,39.27,Gondite,0.834,47.6,27.23,0.441,35.09,97.9,7088.0
G0607,MN06,21.32954,79.27459,20.0,37.44,Kodurite,0.699,29.4,26.33,0.278,32.99,133.8,1837.0
G0608,MN06,21.34885,79.28472,147.9,43.1,Kodurite,0.485,13.0,27.28,0.45,26.12,124.8,6224.0
G0609,MN06,21.35892,79.29267,114.0,38.65,Kodurite,0.742,59.4,25.14,0.356,39.88,85.0,6954.0
G0610,MN06,21.33232,79.32318,266.3,35.66,Gondite,0.656,68.5,17.43,0.332,33.88,89.7,12194.0
G0611,MN06,21.35167,79.29976,263.4,35.08,Gondite,0.083,34.5,18.41,0.418,30.56,99.3,5511.0
G0612,MN06,21.33612,79.26169,88.9,38.08,Psilomelane,0.214,28.8,25.44,0.229,31.91,182.1,2760.0
G0613,MN06,21.34128,79.28215,260.2,11.89,Psilomelane,0.345,21.8,35.16,0.225,37.51,116.0,1103.0
G0614,MN06,21.33881,79.30033,194.6,30.64,Kodurite,0.511,41.6,26.13,0.373,40.82,21.6,4846.0
G0615,MN06,21.34713,79.31731,230.2,36.68,Gondite,0.349,45.3,22.88,0.502,46.03,158.8,5211.0
G0616,MN06,21.3596,79.31447,115.2,27.91,Gondite,0.766,50.8,31.89,0.195,42.25,48.5,2445.0
G0617,MN06,21.34582,79.27831,177.3,37.41,Kodurite,0.382,46.4,18.08,0.143,32.43,59.2,4061.0
G0618,MN06,21.35755,79.26545,278.9,39.28,Kodurite,0.283,54.0,13.87,0.145,28.7,124.0,7050.0
G0619,MN06,21.36798,79.2826,220.2,37.09,Gondite,0.693,47.4,22.93,0.296,27.89,113.0,6173.0
G0620,MN06,21.32659,79.29619,231.4,39.48,Laterite Capping,0.818,39.7,36.99,0.542,36.01,124.3,6220.0
G0621,MN06,21.35014,79.29002,122.8,39.24,Gondite,0.634,41.8,25.79,0.207,33.83,101.5,4566.0
G0622,MN06,21.33759,79.29791,126.3,38.06,Kodurite,0.306,52.9,17.74,0.291,31.86,60.1,4622.0
G0623,MN06,21.33689,79.29389,140.2,54.0,Gondite,0.056,36.4,32.37,0.401,32.86,99.6,6622.0
G0624,MN06,21.36455,79.30895,132.6,36.61,Kodurite,0.449,52.2,29.21,0.433,34.15,82.2,5209.0
G0625,MN06,21.34566,79.29483,367.5,25.69,Laterite Capping,0.093,35.5,23.18,0.267,36.31,88.6,4322.0
G0626,MN06,21.32042,79.26486,164.0,25.45,Gondite,0.14,19.6,35.51,0.249,31.98,101.6,2679.0
G0627,MN06,21.35625,79.28446,157.2,36.18,Gondite,0.396,26.8,16.02,0.243,29.2,93.4,3390.0
G0628,MN06,21.36091,79.28534,117.4,34.86,Gondite,0.825,24.4,31.58,0.414,29.6,87.4,3715.0
G0629,MN06,21.32928,79.31021,159.9,54.0,Kodurite,0.772,43.0,34.48,0.361,34.67,115.1,14595.0
G0630,MN06,21.31832,79.33777,167.0,26.75,Gondite,0.325,72.7,19.31,0.334,27.59,94.5,5695.0
G0631,MN06,21.36256,79.29571,137.2,37.66,Psilomelane,0.623,57.4,16.87,0.432,33.07,36.9,5449.0
G0632,MN06,21.3133,79.31487,162.6,52.81,Laterite Capping,0.423,86.5,24.58,0.426,32.44,102.8,10540.0
G0633,MN06,21.36913,79.30723,106.0,50.98,Gondite,0.304,52.0,22.13,0.249,32.05,128.5,6712.0
G0634,MN06,21.34238,79.31998,174.5,33.97,Psilomelane,0.556,9.6,22.65,0.545,32.55,135.7,5972.0
G0635,MN06,21.35508,79.2857,136.1,38.01,Kodurite,0.237,33.6,21.12,0.416,37.71,218.1,3566.0
G0636,MN06,21.33869,79.31277,132.2,36.87,Kodurite,0.05,50.1,16.32,0.315,24.74,61.6,4034.0
G0637,MN06,21.34205,79.31945,42.3,36.06,Gondite,0.55,42.6,31.81,0.223,28.76,140.1,1867.0
G0638,MN06,21.35846,79.30303,255.0,37.52,Kodurite,0.726,49.4,21.43,0.335,39.5,92.3,7212.0
G0639,MN06,21.31285,79.30015,226.0,44.69,Kodurite,0.585,72.3,30.14,0.519,32.66,56.9,12045.0
G0640,MN06,21.36261,79.3324,269.7,53.56,Gondite,0.486,54.2,25.01,0.369,33.22,147.4,7802.0
G0641,MN06,21.3508,79.32505,310.9,43.86,Kodurite,0.436,34.4,21.1,0.199,35.43,110.5,8208.0
G0642,MN06,21.33567,79.3111,234.6,28.96,Gondite,0.566,82.4,27.88,0.447,41.88,16.6,5521.0
G0643,MN06,21.36397,79.29425,266.8,37.69,Gondite,0.559,34.5,29.6,0.423,37.53,64.8,5336.0
G0644,MN06,21.34692,79.35898,268.6,33.56,Psilomelane,0.403,48.2,23.82,0.49,29.99,41.7,6466.0
G0645,MN06,21.30613,79.29498,263.1,42.63,Kodurite,0.719,41.2,29.87,0.327,40.15,88.8,12336.0
G0646,MN06,21.35886,79.30035,218.0,40.09,Gondite,0.527,66.8,16.59,0.314,35.79,143.6,5585.0
G0647,MN06,21.34516,79.31019,183.6,48.75,Psilomelane,0.14,46.8,31.82,0.171,42.81,76.5,7289.0
G0648,MN06,21.32262,79.30183,170.6,26.08,Kodurite,0.253,72.5,16.1,0.394,25.26,146.1,2463.0
G0649,MN06,21.33094,79.30094,211.2,35.91,Laterite Capping,0.84,33.9,34.22,0.591,35.13,151.3,3962.0
G0650,MN06,21.3431,79.32304,244.7,28.24,Gondite,0.233,73.7,20.57,0.426,31.98,119.7,3772.0
G0651,MN06,21.35945,79.26818,51.9,37.02,Gondite,0.272,54.7,25.03,0.466,35.41,127.7,2873.0
G0652,MN06,21.31051,79.26526,174.7,36.42,Gondite,0.765,23.2,26.14,0.122,34.49,51.2,5006.0
G0653,MN06,21.3649,79.30555,64.8,32.62,Gondite,0.106,62.1,23.56,0.322,28.69,92.4,1803.0
G0654,MN06,21.3301,79.30278,171.8,54.0,Laterite Capping,0.554,66.9,22.0,0.289,31.9,54.0,9544.0
G0655,MN06,21.33936,79.30248,219.1,36.12,Gondite,0.237,76.3,22.68,0.225,33.02,123.9,5956.0
G0656,MN06,21.33572,79.31227,214.8,35.23,Kodurite,0.543,12.2,24.25,0.411,35.61,114.7,3326.0
G0657,MN06,21.37254,79.30922,95.8,31.7,Kodurite,0.476,29.2,11.2,0.249,38.98,192.3,2608.0
G0658,MN06,21.33423,79.29657,213.1,25.5,Gondite,0.831,55.7,19.52,0.378,35.2,188.5,4342.0
G0659,MN06,21.34617,79.33155,141.6,27.41,Kodurite,0.692,48.8,30.77,0.217,31.84,94.5,3326.0
G0660,MN06,21.35196,79.30987,210.3,30.19,Kodurite,0.275,89.8,17.87,0.428,36.39,140.3,4712.0
G0661,MN06,21.37258,79.30101,189.0,25.7,Laterite Capping,0.405,49.1,28.0,0.345,26.95,132.8,3060.0
G0662,MN06,21.32051,79.28056,199.8,37.23,Psilomelane,0.515,70.9,28.63,0.468,22.03,179.3,8373.0
G0663,MN06,21.39623,79.28535,56.6,38.06,Laterite Capping,0.631,60.5,22.36,0.303,37.29,160.4,4071.0
G0664,MN06,21.34364,79.2582,169.6,31.94,Gondite,0.591,74.5,17.78,0.356,36.78,146.6,5999.0
G0665,MN06,21.35306,79.31548,276.1,41.4,Psilomelane,0.522,48.7,24.58,0.472,32.51,117.1,10426.0
G0666,MN06,21.31755,79.29529,238.0,38.52,Gondite,0.108,46.1,26.33,0.432,29.9,81.7,6043.0
G0667,MN06,21.36508,79.27768,166.1,36.05,Gondite,0.3,44.2,14.25,0.262,35.15,122.8,4807.0
G0668,MN06,21.35802,79.34275,127.6,25.04,Kodurite,0.338,80.8,26.28,0.627,31.33,44.7,3672.0
G0669,MN06,21.31023,79.2859,216.4,37.18,Psilomelane,0.144,33.4,16.37,0.248,34.68,123.7,3959.0
G0670,MN06,21.30278,79.3094,117.2,43.51,Psilomelane,0.09,52.7,26.33,0.123,28.82,9.6,6373.0
G0671,MN06,21.37755,79.30886,189.5,25.59,Gondite,0.834,77.6,22.86,0.158,29.07,58.9,4754.0
G0672,MN06,21.35115,79.29094,234.4,38.63,Gondite,0.545,29.5,22.67,0.136,34.34,33.8,6599.0
G0673,MN06,21.31997,79.29337,222.3,54.0,Psilomelane,0.656,66.5,21.77,0.582,35.28,69.6,12172.0
G0674,MN06,21.33096,79.317,65.3,27.27,Psilomelane,0.395,48.3,28.13,0.228,25.44,127.5,1687.0
G0675,MN06,21.34569,79.30339,197.4,45.5,Kodurite,0.516,46.1,39.98,0.351,35.17,81.8,10698.0
G0676,MN06,21.36221,79.31635,195.0,46.27,Gondite,0.398,35.6,23.99,0.118,36.7,71.5,6594.0
G0677,MN06,21.34273,79.30179,155.9,37.46,Kodurite,0.248,45.9,21.06,0.395,27.31,90.0,4507.0
G0678,MN06,21.3684,79.30764,97.2,34.1,Gondite,0.249,100.0,21.23,0.406,29.96,131.1,4703.0
G0679,MN06,21.33524,79.29991,117.3,28.84,Kodurite,0.169,45.1,33.29,0.345,32.21,60.9,2038.0
G0680,MN06,21.34367,79.30826,201.4,34.15,Kodurite,0.114,50.1,18.05,0.346,31.71,127.4,4342.0
G0681,MN06,21.3218,79.26829,198.4,49.06,Gondite,0.592,53.9,31.7,0.385,36.46,91.5,9857.0
G0682,MN06,21.34463,79.29997,261.8,19.22,Kodurite,0.368,42.9,34.05,0.503,34.87,125.2,2684.0
G0683,MN06,21.38699,79.31704,127.5,26.8,Psilomelane,0.411,60.6,25.99,0.293,35.34,90.1,2853.0
G0684,MN06,21.33635,79.32362,160.4,48.98,Laterite Capping,0.391,43.2,19.25,0.251,31.81,161.9,7272.0
G0685,MN06,21.37267,79.31088,158.4,34.88,Gondite,0.687,61.7,21.44,0.214,29.82,100.4,6463.0
G0686,MN06,21.37218,79.27388,138.2,35.14,Kodurite,0.715,46.8,19.83,0.319,37.56,69.8,4145.0
G0687,MN06,21.37205,79.30252,226.9,41.21,Kodurite,0.255,26.3,31.89,0.295,30.22,103.2,7194.0
G0688,MN06,21.35781,79.29589,238.6,39.12,Gondite,0.368,66.9,21.07,0.533,27.56,102.8,6695.0
G0689,MN06,21.32749,79.29126,303.9,39.15,Psilomelane,0.187,45.5,10.32,0.331,37.29,174.9,4522.0
G0690,MN06,21.33097,79.28392,190.2,28.24,Gondite,0.269,58.0,18.91,0.199,30.41,197.5,4152.0
G0691,MN06,21.35249,79.28147,243.8,27.14,Gondite,0.159,36.5,13.51,0.375,33.46,141.6,3768.0
G0692,MN06,21.34305,79.31212,131.0,42.3,Psilomelane,0.57,18.6,17.73,0.303,27.5,93.7,4408.0
G0693,MN06,21.37319,79.30385,252.1,40.41,Kodurite,0.331,17.0,13.71,0.3,23.86,181.8,6247.0
G0694,MN06,21.33429,79.27881,252.0,29.09,Psilomelane,0.248,70.9,23.46,0.484,30.19,37.2,4439.0
G0695,MN06,21.33087,79.28836,112.8,34.31,Psilomelane,0.91,54.0,18.97,0.443,32.21,81.0,5370.0
G0696,MN06,21.36613,79.30062,122.9,40.16,Gondite,0.303,70.7,32.03,0.395,31.18,151.6,6044.0
G0697,MN06,21.39907,79.3072,228.8,40.32,Kodurite,0.358,56.2,21.24,0.3,27.92,176.4,6564.0
G0698,MN06,21.36635,79.30653,201.3,37.06,Gondite,0.279,77.7,21.39,0.397,33.29,63.7,6135.0
G0699,MN06,21.35875,79.29102,157.3,36.61,Kodurite,0.152,44.4,27.83,0.434,33.84,153.7,5425.0
G0700,MN06,21.36333,79.29008,214.6,41.99,Kodurite,0.166,26.4,30.38,0.354,38.66,124.8,4688.0
G0701,MN06,21.35617,79.3144,141.7,26.46,Psilomelane,0.363,7.5,24.13,0.539,29.23,103.6,2050.0
G0702,MN06,21.33332,79.30589,89.3,37.11,Laterite Capping,0.293,29.2,16.09,0.232,35.29,121.0,3267.0
G0703,MN06,21.34048,79.28251,244.3,33.57,Gondite,0.097,66.3,9.69,0.286,32.32,179.7,3917.0
G0704,MN06,21.36042,79.32214,129.5,35.01,Kodurite,0.091,46.9,24.43,0.42,36.14,87.7,4525.0
G0705,MN06,21.37333,79.31455,121.0,29.84,Psilomelane,0.422,61.5,19.44,0.265,34.09,103.9,3647.0
G0706,MN06,21.35903,79.32284,100.8,39.77,Gondite,0.321,58.5,23.33,0.31,26.25,163.6,4141.0
G0707,MN06,21.35712,79.31458,92.8,30.61,Kodurite,0.578,68.7,14.73,0.555,36.78,103.9,2599.0
G0708,MN06,21.36808,79.31053,78.0,36.14,Psilomelane,0.715,67.0,32.25,0.377,38.1,76.1,4464.0
G0709,MN06,21.35274,79.32865,202.3,33.0,Gondite,0.092,44.8,28.64,0.522,35.13,187.1,4602.0
G0710,MN06,21.35304,79.30581,90.0,45.65,Kodurite,0.548,86.8,30.91,0.246,31.49,58.9,7666.0
G0711,MN06,21.34201,79.26167,187.1,41.51,Psilomelane,0.214,64.4,20.84,0.42,27.42,91.5,5185.0
G0712,MN06,21.3349,79.32601,137.1,43.75,Gondite,0.4,65.0,35.23,0.256,29.48,69.3,8375.0
G0713,MN06,21.36959,79.29026,30.5,32.6,Kodurite,0.595,56.9,27.15,0.374,35.08,128.3,1573.0
G0714,MN06,21.35446,79.31683,260.9,41.33,Kodurite,0.3,27.5,17.29,0.086,20.76,104.7,9821.0
G0715,MN06,21.38294,79.28144,190.5,26.28,Psilomelane,0.276,63.3,21.29,0.372,28.41,56.2,2703.0
G0716,MN06,21.35998,79.29424,49.0,37.5,Kodurite,0.642,30.9,24.33,0.411,33.59,124.4,2027.0
G0717,MN06,21.35808,79.29128,204.5,45.36,Psilomelane,0.442,49.3,25.25,0.441,31.4,56.6,8924.0
G0718,MN06,21.34288,79.27685,215.0,49.45,Laterite Capping,0.737,43.4,25.01,0.413,26.62,112.9,10766.0
G0719,MN06,21.38425,79.27629,153.3,30.57,Psilomelane,0.774,38.7,20.69,0.207,31.88,95.6,3663.0
G0720,MN06,21.3501,79.3058,141.0,36.85,Laterite Capping,0.893,71.1,21.45,0.375,41.09,109.6,7379.0
